date,weekday,commute,commute_filled,missing,cases_avg_s,cases_avg_s_1wkbf,cases_avg_s_2wkbf,cases_avg_c,cases_avg_c_1wkbf,cases_avg_c_2wkbf,vax_status,covid_stage,early-vaccine,lockdown,omicron,post-vaccine,pre-pandemic,pre-vaccine,is_weekend,post-covid,is_holiday,is_holiday_extra,during,post-vax,pre-covid,pre-vax,shelter-in-place,commute_filled_diff_dist
2019-12-31,1,0.0,0.0,0,0.0,0.0,0.0,0.0,0.0,0.0,pre-covid,pre-pandemic,0,0,0,0,1,0,0,0,1,1,0,0,1,0,0,0.0
2020-01-01,2,1.0,1.0,0,0.0,0.0,0.0,0.0,0.0,0.0,pre-covid,pre-pandemic,0,0,0,0,1,0,0,0,1,1,0,0,1,0,0,1.0
2020-01-02,3,1.0,1.0,0,0.0,0.0,0.0,0.0,0.0,0.0,pre-covid,pre-pandemic,0,0,0,0,1,0,0,0,0,1,0,0,1,0,0,1.0
2020-01-03,4,0.0,0.0,0,0.0,0.0,0.0,0.0,0.0,0.0,pre-covid,pre-pandemic,0,0,0,0,1,0,0,0,0,0,0,0,1,0,0,0.0
2020-01-04,5,1.0,1.0,0,0.0,0.0,0.0,0.0,0.0,0.0,pre-covid,pre-pandemic,0,0,0,0,1,0,1,0,0,0,0,0,1,0,0,1.0
2020-01-05,6,,0.0,1,0.0,0.0,0.0,0.0,0.0,0.0,pre-covid,pre-pandemic,0,0,0,0,1,0,1,0,0,0,0,0,1,0,0,0.0
2020-01-06,0,,0.0,1,0.0,0.0,0.0,0.0,0.0,0.0,pre-covid,pre-pandemic,0,0,0,0,1,0,0,0,0,0,0,0,1,0,0,0.0
2020-01-07,1,,1.0,1,0.0,0.0,0.0,0.0,0.0,0.0,pre-covid,pre-pandemic,0,0,0,0,1,0,0,0,0,0,0,0,1,0,0,1.0
2020-01-08,2,1.0,1.0,0,0.0,0.0,0.0,0.0,0.0,0.0,pre-covid,pre-pandemic,0,0,0,0,1,0,0,0,0,0,0,0,1,0,0,1.0
2020-01-09,3,1.0,1.0,0,0.0,0.0,0.0,0.0,0.0,0.0,pre-covid,pre-pandemic,0,0,0,0,1,0,0,0,0,0,0,0,1,0,0,1.0
2020-01-10,4,1.0,1.0,0,0.0,0.0,0.0,0.0,0.0,0.0,pre-covid,pre-pandemic,0,0,0,0,1,0,0,0,0,0,0,0,1,0,0,1.0
2020-01-11,5,1.0,1.0,0,0.0,0.0,0.0,0.0,0.0,0.0,pre-covid,pre-pandemic,0,0,0,0,1,0,1,0,0,0,0,0,1,0,0,1.0
2020-01-12,6,0.0,0.0,0,0.0,0.0,0.0,0.0,0.0,0.0,pre-covid,pre-pandemic,0,0,0,0,1,0,1,0,0,0,0,0,1,0,0,0.0
2020-01-13,0,0.0,0.0,0,0.0,0.0,0.0,0.0,0.0,0.0,pre-covid,pre-pandemic,0,0,0,0,1,0,0,0,0,0,0,0,1,0,0,0.0
2020-01-14,1,1.0,1.0,0,0.0,0.0,0.0,0.0,0.0,0.0,pre-covid,pre-pandemic,0,0,0,0,1,0,0,0,0,0,0,0,1,0,0,1.0
2020-01-15,2,1.0,1.0,0,0.0,0.0,0.0,0.0,0.0,0.0,pre-covid,pre-pandemic,0,0,0,0,1,0,0,0,0,0,0,0,1,0,0,1.0
2020-01-16,3,1.0,1.0,0,0.0,0.0,0.0,0.0,0.0,0.0,pre-covid,pre-pandemic,0,0,0,0,1,0,0,0,0,0,0,0,1,0,0,1.0
2020-01-17,4,0.0,0.0,0,0.0,0.0,0.0,0.0,0.0,0.0,pre-covid,pre-pandemic,0,0,0,0,1,0,0,0,0,0,0,0,1,0,0,0.0
2020-01-18,5,0.0,0.0,0,0.0,0.0,0.0,0.0,0.0,0.0,pre-covid,pre-pandemic,0,0,0,0,1,0,1,0,0,0,0,0,1,0,0,0.0
2020-01-19,6,1.0,1.0,0,0.0,0.0,0.0,0.0,0.0,0.0,pre-covid,pre-pandemic,0,0,0,0,1,0,1,0,0,0,0,0,1,0,0,1.0
2020-01-20,0,0.0,0.0,0,0.0,0.0,0.0,0.0,0.0,0.0,pre-covid,pre-pandemic,0,0,0,0,1,0,0,0,1,1,0,0,1,0,0,0.0
2020-01-21,1,1.0,1.0,0,0.0,0.0,0.0,0.0,0.0,0.0,pre-covid,pre-pandemic,0,0,0,0,1,0,0,0,0,0,0,0,1,0,0,1.0
2020-01-22,2,1.0,1.0,0,0.0,0.0,0.0,0.0,0.0,0.0,pre-covid,pre-pandemic,0,0,0,0,1,0,0,0,0,0,0,0,1,0,0,1.0
2020-01-23,3,0.0,0.0,0,0.0,0.0,0.0,0.0,0.0,0.0,pre-covid,pre-pandemic,0,0,0,0,1,0,0,0,0,0,0,0,1,0,0,0.0
2020-01-24,4,,1.0,1,0.0,0.0,0.0,0.0,0.0,0.0,pre-covid,pre-pandemic,0,0,0,0,1,0,0,0,0,0,0,0,1,0,0,0.0
2020-01-25,5,1.0,1.0,0,0.0,0.0,0.0,0.0,0.0,0.0,pre-covid,pre-pandemic,0,0,0,0,1,0,1,0,0,0,0,0,1,0,0,1.0
2020-01-26,6,0.0,0.0,0,0.0,0.0,0.0,0.0,0.0,0.0,pre-covid,pre-pandemic,0,0,0,0,1,0,1,0,0,0,0,0,1,0,0,0.0
2020-01-27,0,,0.0,1,0.0,0.0,0.0,0.0,0.0,0.0,pre-covid,pre-pandemic,0,0,0,0,1,0,0,0,0,0,0,0,1,0,0,0.0
2020-01-28,1,1.0,1.0,0,0.0,0.0,0.0,0.0,0.0,0.0,pre-covid,pre-pandemic,0,0,0,0,1,0,0,0,0,0,0,0,1,0,0,1.0
2020-01-29,2,1.0,1.0,0,0.0,0.0,0.0,0.0,0.0,0.0,pre-covid,pre-pandemic,0,0,0,0,1,0,0,0,0,0,0,0,1,0,0,1.0
2020-01-30,3,1.0,1.0,0,0.0,0.0,0.0,0.0,0.0,0.0,pre-covid,pre-pandemic,0,0,0,0,1,0,0,0,0,0,0,0,1,0,0,1.0
2020-01-31,4,1.0,1.0,0,0.0,0.0,0.0,0.0,0.0,0.0,pre-covid,pre-pandemic,0,0,0,0,1,0,0,0,0,0,0,0,1,0,0,1.0
2020-02-01,5,0.0,0.0,0,0.0,0.0,0.0,0.0,0.0,0.0,pre-covid,pre-pandemic,0,0,0,0,1,0,1,0,0,0,0,0,1,0,0,0.0
2020-02-02,6,0.0,0.0,0,0.0,0.0,0.0,0.0,0.0,0.0,pre-covid,pre-pandemic,0,0,0,0,1,0,1,0,0,0,0,0,1,0,0,0.0
2020-02-03,0,0.0,0.0,0,0.0,0.0,0.0,0.0,0.0,0.0,pre-covid,pre-pandemic,0,0,0,0,1,0,0,0,0,0,0,0,1,0,0,0.0
2020-02-04,1,1.0,1.0,0,0.0,0.0,0.0,0.0,0.0,0.0,pre-covid,pre-pandemic,0,0,0,0,1,0,0,0,0,0,0,0,1,0,0,1.0
2020-02-05,2,1.0,1.0,0,0.0,0.0,0.0,0.0,0.0,0.0,pre-covid,pre-pandemic,0,0,0,0,1,0,0,0,0,0,0,0,1,0,0,1.0
2020-02-06,3,0.0,0.0,0,0.0,0.0,0.0,0.0,0.0,0.0,pre-covid,pre-pandemic,0,0,0,0,1,0,0,0,0,0,0,0,1,0,0,0.0
2020-02-07,4,1.0,1.0,0,0.0,0.0,0.0,0.0,0.0,0.0,pre-covid,pre-pandemic,0,0,0,0,1,0,0,0,0,0,0,0,1,0,0,1.0
2020-02-08,5,1.0,1.0,0,0.0,0.0,0.0,0.0,0.0,0.0,pre-covid,pre-pandemic,0,0,0,0,1,0,1,0,0,0,0,0,1,0,0,1.0
2020-02-09,6,1.0,1.0,0,0.0,0.0,0.0,0.0,0.0,0.0,pre-covid,pre-pandemic,0,0,0,0,1,0,1,0,0,0,0,0,1,0,0,1.0
2020-02-10,0,0.0,0.0,0,0.0,0.0,0.0,0.0,0.0,0.0,pre-covid,pre-pandemic,0,0,0,0,1,0,0,0,0,0,0,0,1,0,0,0.0
2020-02-11,1,1.0,1.0,0,0.0,0.0,0.0,0.0,0.0,0.0,pre-covid,pre-pandemic,0,0,0,0,1,0,0,0,0,0,0,0,1,0,0,1.0
2020-02-12,2,1.0,1.0,0,0.14,0.0,0.0,0.14,0.0,0.0,pre-covid,pre-pandemic,0,0,0,0,1,0,0,0,0,0,0,0,1,0,0,1.0
2020-02-13,3,1.0,1.0,0,0.29,0.0,0.0,0.29,0.0,0.0,pre-covid,pre-pandemic,0,0,0,0,1,0,0,0,0,0,0,0,1,0,0,1.0
2020-02-14,4,1.0,1.0,0,0.29,0.0,0.0,0.29,0.0,0.0,pre-covid,pre-pandemic,0,0,0,0,1,0,0,0,0,0,0,0,1,0,0,1.0
2020-02-15,5,1.0,1.0,0,0.29,0.0,0.0,0.29,0.0,0.0,pre-covid,pre-pandemic,0,0,0,0,1,0,1,0,0,0,0,0,1,0,0,1.0
2020-02-16,6,0.0,0.0,0,0.29,0.0,0.0,0.29,0.0,0.0,pre-covid,pre-pandemic,0,0,0,0,1,0,1,0,0,0,0,0,1,0,0,0.0
2020-02-17,0,1.0,1.0,0,0.29,0.0,0.0,0.29,0.0,0.0,pre-covid,pre-pandemic,0,0,0,0,1,0,0,0,1,1,0,0,1,0,0,1.0
2020-02-18,1,,1.0,1,0.29,0.0,0.0,0.29,0.0,0.0,pre-covid,pre-pandemic,0,0,0,0,1,0,0,0,0,0,0,0,1,0,0,1.0
2020-02-19,2,0.0,0.0,0,0.29,0.14,0.0,0.29,0.14,0.0,pre-covid,pre-pandemic,0,0,0,0,1,0,0,0,0,0,0,0,1,0,0,0.0
2020-02-20,3,1.0,1.0,0,0.29,0.29,0.0,0.29,0.29,0.0,pre-covid,pre-pandemic,0,0,0,0,1,0,0,0,0,0,0,0,1,0,0,1.0
2020-02-21,4,1.0,1.0,0,0.25,0.29,0.0,0.25,0.29,0.0,pre-covid,pre-pandemic,0,0,0,0,1,0,0,0,0,0,0,0,1,0,0,1.0
2020-02-22,5,1.0,1.0,0,0.25,0.29,0.0,0.25,0.29,0.0,pre-covid,pre-pandemic,0,0,0,0,1,0,1,0,0,0,0,0,1,0,0,1.0
2020-02-23,6,0.0,0.0,0,0.25,0.29,0.0,0.25,0.29,0.0,pre-covid,pre-pandemic,0,0,0,0,1,0,1,0,0,0,0,0,1,0,0,0.0
2020-02-24,0,0.0,0.0,0,0.73,0.29,0.0,0.73,0.29,0.0,pre-covid,pre-pandemic,0,0,0,0,1,0,0,0,0,0,0,0,1,0,0,0.0
2020-02-25,1,0.0,0.0,0,0.73,0.29,0.0,0.73,0.29,0.0,pre-covid,pre-pandemic,0,0,0,0,1,0,0,0,0,0,0,0,1,0,0,0.0
2020-02-26,2,1.0,1.0,0,0.73,0.29,0.14,0.73,0.29,0.14,pre-covid,pre-pandemic,0,0,0,0,1,0,0,0,0,0,0,0,1,0,0,1.0
2020-02-27,3,1.0,1.0,0,0.73,0.29,0.29,0.73,0.29,0.29,pre-covid,pre-pandemic,0,0,0,0,1,0,0,0,0,0,0,0,1,0,0,1.0
2020-02-28,4,1.0,1.0,0,1.0,0.25,0.29,1.0,0.25,0.29,pre-covid,pre-pandemic,0,0,0,0,1,0,0,0,0,0,0,0,1,0,0,1.0
2020-02-29,5,1.0,1.0,0,1.0,0.25,0.29,1.0,0.25,0.29,pre-covid,pre-pandemic,0,0,0,0,1,0,1,0,0,0,0,0,1,0,0,1.0
2020-03-01,6,0.0,0.0,0,1.0,0.25,0.29,1.0,0.25,0.29,pre-covid,pre-pandemic,0,0,0,0,1,0,1,0,0,0,0,0,1,0,0,0.0
2020-03-02,0,0.0,0.0,0,1.0,0.73,0.29,1.0,0.73,0.29,pre-covid,pre-pandemic,0,0,0,0,1,0,0,0,0,0,0,0,1,0,0,0.0
2020-03-03,1,0.0,0.0,0,1.0,0.73,0.29,1.0,0.73,0.29,pre-covid,pre-pandemic,0,0,0,0,1,0,0,0,0,0,0,0,1,0,0,0.0
2020-03-04,2,1.0,1.0,0,0.22,0.73,0.29,1.0,0.73,0.29,pre-covid,pre-pandemic,0,0,0,0,1,0,0,0,0,0,0,0,1,0,0,1.0
2020-03-05,3,1.0,1.0,0,0.6,0.73,0.29,1.0,0.73,0.29,pre-covid,lockdown,0,1,0,0,0,0,0,0,0,0,0,0,1,0,0,1.0
2020-03-06,4,0.0,0.0,0,1.14,1.0,0.25,1.0,1.0,0.25,pre-covid,lockdown,0,1,0,0,0,0,0,0,0,0,0,0,1,0,0,0.0
2020-03-07,5,1.0,1.0,0,1.14,1.0,0.25,1.0,1.0,0.25,pre-covid,lockdown,0,1,0,0,0,0,1,0,0,0,0,0,1,0,0,1.0
2020-03-08,6,0.0,0.0,0,1.33,1.0,0.25,1.0,1.0,0.25,pre-covid,lockdown,0,1,0,0,0,0,1,0,0,0,0,0,1,0,0,0.0
2020-03-09,0,0.0,0.0,0,1.3,1.0,0.73,1.0,1.0,0.73,pre-covid,lockdown,0,1,0,0,0,0,0,0,0,0,0,0,1,0,0,0.0
2020-03-10,1,1.0,1.0,0,1.82,1.0,0.73,1.0,1.0,0.73,pre-covid,lockdown,0,1,0,0,0,0,0,0,0,0,0,0,1,0,0,1.0
2020-03-11,2,1.0,1.0,0,3.0,0.22,0.73,1.0,1.0,0.73,pre-covid,lockdown,0,1,0,0,0,0,0,0,0,0,0,0,1,0,0,1.0
2020-03-12,3,1.0,1.0,0,3.57,0.6,0.73,1.0,1.0,0.73,pre-covid,lockdown,0,1,0,0,0,0,0,0,0,0,0,0,1,0,0,1.0
2020-03-13,4,1.0,1.0,0,5.57,1.14,1.0,0.0,1.0,1.0,pre-covid,lockdown,0,1,0,0,0,0,0,0,0,0,0,0,1,0,0,1.0
2020-03-14,5,1.0,1.0,0,6.25,1.14,1.0,0.14,1.0,1.0,pre-covid,lockdown,0,1,0,0,0,0,1,0,0,0,0,0,1,0,0,1.0
2020-03-15,6,0.0,0.0,0,8.14,1.33,1.0,0.14,1.0,1.0,pre-covid,lockdown,0,1,0,0,0,0,1,0,0,0,0,0,1,0,0,0.0
2020-03-16,0,0.0,0.0,0,9.0,1.3,1.0,0.29,1.0,1.0,shelter-in-place,lockdown,0,1,0,0,0,0,0,0,0,0,0,0,0,0,1,0.0
2020-03-17,1,0.0,0.0,0,10.71,1.82,1.0,0.29,1.0,1.0,shelter-in-place,lockdown,0,1,0,0,0,0,0,0,0,0,0,0,0,0,1,0.0
2020-03-18,2,0.0,0.0,0,19.0,3.0,0.22,0.29,1.0,1.0,shelter-in-place,lockdown,0,1,0,0,0,0,0,0,0,0,0,0,0,0,1,0.0
2020-03-19,3,0.0,0.0,0,29.57,3.57,0.6,0.86,1.0,1.0,shelter-in-place,lockdown,0,1,0,0,0,0,0,0,0,0,0,0,0,0,1,0.0
2020-03-20,4,0.0,0.0,0,46.86,5.57,1.14,4.14,0.0,1.0,shelter-in-place,lockdown,0,1,0,0,0,0,0,0,0,0,0,0,0,0,1,0.0
2020-03-21,5,0.0,0.0,0,68.29,6.25,1.14,5.43,0.14,1.0,shelter-in-place,lockdown,0,1,0,0,0,0,1,0,0,0,0,0,0,0,1,0.0
2020-03-22,6,0.0,0.0,0,79.86,8.14,1.33,5.43,0.14,1.0,shelter-in-place,lockdown,0,1,0,0,0,0,1,0,0,0,0,0,0,0,1,0.0
2020-03-23,0,1.0,1.0,0,91.57,9.0,1.3,5.43,0.29,1.0,shelter-in-place,lockdown,0,1,0,0,0,0,0,0,0,0,0,0,0,0,1,1.0
2020-03-24,1,0.0,0.0,0,107.29,10.71,1.82,6.88,0.29,1.0,shelter-in-place,lockdown,0,1,0,0,0,0,0,0,0,0,0,0,0,0,1,0.0
2020-03-25,2,0.0,0.0,0,138.0,19.0,3.0,6.22,0.29,1.0,shelter-in-place,lockdown,0,1,0,0,0,0,0,0,0,0,0,0,0,0,1,0.0
2020-03-26,3,0.0,0.0,0,184.86,29.57,3.57,9.57,0.86,1.0,shelter-in-place,lockdown,0,1,0,0,0,0,0,0,0,0,0,0,0,0,1,0.0
2020-03-27,4,0.0,0.0,0,226.43,46.86,5.57,10.43,4.14,0.0,shelter-in-place,lockdown,0,1,0,0,0,0,0,0,0,0,0,0,0,0,1,0.0
2020-03-28,5,0.0,0.0,0,262.0,68.29,6.25,10.71,5.43,0.14,shelter-in-place,lockdown,0,1,0,0,0,0,1,0,0,0,0,0,0,0,1,0.0
2020-03-29,6,0.0,0.0,0,297.57,79.86,8.14,11.25,5.43,0.14,shelter-in-place,lockdown,0,1,0,0,0,0,1,0,0,0,0,0,0,0,1,0.0
2020-03-30,0,0.0,0.0,0,333.86,91.57,9.0,11.89,5.43,0.29,shelter-in-place,lockdown,0,1,0,0,0,0,0,0,0,0,0,0,0,0,1,0.0
2020-03-31,1,0.0,0.0,0,390.14,107.29,10.71,19.86,6.88,0.29,shelter-in-place,lockdown,0,1,0,0,0,0,0,0,0,0,0,0,0,0,1,0.0
2020-04-01,2,0.0,0.0,0,467.14,138.0,19.0,22.86,6.22,0.29,shelter-in-place,lockdown,0,1,0,0,0,0,0,0,0,0,0,0,0,0,1,0.0
2020-04-02,3,0.0,0.0,0,487.14,184.86,29.57,24.29,9.57,0.86,shelter-in-place,lockdown,0,1,0,0,0,0,0,0,0,0,0,0,0,0,1,0.0
2020-04-03,4,0.0,0.0,0,543.14,226.43,46.86,32.71,10.43,4.14,shelter-in-place,lockdown,0,1,0,0,0,0,0,0,0,0,0,0,0,0,1,0.0
2020-04-04,5,0.0,0.0,0,597.86,262.0,68.29,38.57,10.71,5.43,shelter-in-place,lockdown,0,1,0,0,0,0,1,0,0,0,0,0,0,0,1,0.0
2020-04-05,6,,0.0,1,627.86,297.57,79.86,40.14,11.25,5.43,shelter-in-place,lockdown,0,1,0,0,0,0,1,0,0,0,0,0,0,0,1,0.0
2020-04-06,0,,0.0,1,726.43,333.86,91.57,44.29,11.89,5.43,shelter-in-place,lockdown,0,1,0,0,0,0,0,0,0,0,0,0,0,0,1,1.0
2020-04-07,1,,0.0,1,768.57,390.14,107.29,43.86,19.86,6.88,shelter-in-place,lockdown,0,1,0,0,0,0,0,0,0,0,0,0,0,0,1,0.0
2020-04-08,2,,0.0,1,785.0,467.14,138.0,43.86,22.86,6.22,shelter-in-place,lockdown,0,1,0,0,0,0,0,0,0,0,0,0,0,0,1,0.0
2020-04-09,3,,0.0,1,917.14,487.14,184.86,53.14,24.29,9.57,shelter-in-place,lockdown,0,1,0,0,0,0,0,0,0,0,0,0,0,0,1,0.0
2020-04-10,4,0.0,0.0,0,931.14,543.14,226.43,47.71,32.71,10.43,shelter-in-place,lockdown,0,1,0,0,0,0,0,0,0,0,0,0,0,0,1,0.0
2020-04-11,5,,0.0,1,948.86,597.86,262.0,46.86,38.57,10.71,shelter-in-place,lockdown,0,1,0,0,0,0,1,0,0,0,0,0,0,0,1,0.0
2020-04-12,6,,0.0,1,951.29,627.86,297.57,44.71,40.14,11.25,shelter-in-place,lockdown,0,1,0,0,0,0,1,0,0,0,0,0,0,0,1,0.0
2020-04-13,0,,0.0,1,905.29,726.43,333.86,45.14,44.29,11.89,shelter-in-place,lockdown,0,1,0,0,0,0,0,0,0,0,0,0,0,0,1,0.0
2020-04-14,1,,0.0,1,905.0,768.57,390.14,41.57,43.86,19.86,shelter-in-place,lockdown,0,1,0,0,0,0,0,0,0,0,0,0,0,0,1,0.0
2020-04-15,2,,0.0,1,887.0,785.0,467.14,48.38,43.86,22.86,shelter-in-place,lockdown,0,1,0,0,0,0,0,0,0,0,0,0,0,0,1,0.0
2020-04-16,3,,0.0,1,793.71,917.14,487.14,48.38,53.14,24.29,shelter-in-place,lockdown,0,1,0,0,0,0,0,0,0,0,0,0,0,0,1,0.0
2020-04-17,4,,0.0,1,834.29,931.14,543.14,42.0,47.71,32.71,shelter-in-place,lockdown,0,1,0,0,0,0,0,0,0,0,0,0,0,0,1,0.0
2020-04-18,5,0.0,0.0,0,817.0,948.86,597.86,40.0,46.86,38.57,shelter-in-place,lockdown,0,1,0,0,0,0,1,0,0,0,0,0,0,0,1,0.0
2020-04-19,6,0.0,0.0,0,809.29,951.29,627.86,40.14,44.71,40.14,shelter-in-place,lockdown,0,1,0,0,0,0,1,0,0,0,0,0,0,0,1,0.0
2020-04-20,0,0.0,0.0,0,792.57,905.29,726.43,36.71,45.14,44.29,shelter-in-place,lockdown,0,1,0,0,0,0,0,0,0,0,0,0,0,0,1,0.0
2020-04-21,1,,0.0,1,806.57,905.0,768.57,39.29,41.57,43.86,shelter-in-place,lockdown,0,1,0,0,0,0,0,0,0,0,0,0,0,0,1,0.0
2020-04-22,2,,0.0,1,809.0,887.0,785.0,32.14,48.38,43.86,shelter-in-place,lockdown,0,1,0,0,0,0,0,0,0,0,0,0,0,0,1,0.0
2020-04-23,3,0.0,0.0,0,825.43,793.71,917.14,34.63,48.38,53.14,shelter-in-place,lockdown,0,1,0,0,0,0,0,0,0,0,0,0,0,0,1,0.0
2020-04-24,4,0.0,0.0,0,788.43,834.29,931.14,33.71,42.0,47.71,shelter-in-place,lockdown,0,1,0,0,0,0,0,0,0,0,0,0,0,0,1,0.0
2020-04-25,5,0.0,0.0,0,795.29,817.0,948.86,34.29,40.0,46.86,shelter-in-place,lockdown,0,1,0,0,0,0,1,0,0,0,0,0,0,0,1,0.0
2020-04-26,6,0.0,0.0,0,824.0,809.29,951.29,34.14,40.14,44.71,shelter-in-place,lockdown,0,1,0,0,0,0,1,0,0,0,0,0,0,0,1,0.0
2020-04-27,0,0.0,0.0,0,846.86,792.57,905.29,35.29,36.71,45.14,shelter-in-place,lockdown,0,1,0,0,0,0,0,0,0,0,0,0,0,0,1,0.0
2020-04-28,1,0.0,0.0,0,845.57,806.57,905.0,32.43,39.29,41.57,shelter-in-place,lockdown,0,1,0,0,0,0,0,0,0,0,0,0,0,0,1,0.0
2020-04-29,2,0.0,0.0,0,867.14,809.0,887.0,28.57,32.14,48.38,shelter-in-place,lockdown,0,1,0,0,0,0,0,0,0,0,0,0,0,0,1,0.0
2020-04-30,3,0.0,0.0,0,909.43,825.43,793.71,28.0,34.63,48.38,shelter-in-place,lockdown,0,1,0,0,0,0,0,0,0,0,0,0,0,0,1,0.0
2020-05-01,4,0.0,0.0,0,956.0,788.43,834.29,40.43,33.71,42.0,shelter-in-place,lockdown,0,1,0,0,0,0,0,0,0,0,0,0,0,0,1,0.0
2020-05-02,5,0.0,0.0,0,991.29,795.29,817.0,48.86,34.29,40.0,shelter-in-place,lockdown,0,1,0,0,0,0,1,0,0,0,0,0,0,0,1,0.0
2020-05-03,6,0.0,0.0,0,1012.86,824.0,809.29,53.0,34.14,40.14,shelter-in-place,lockdown,0,1,0,0,0,0,1,0,0,0,0,0,0,0,1,0.0
2020-05-04,0,0.0,0.0,0,1024.43,846.86,792.57,53.86,35.29,36.71,shelter-in-place,lockdown,0,1,0,0,0,0,0,0,0,0,0,0,0,0,1,0.0
2020-05-05,1,0.0,0.0,0,1059.71,845.57,806.57,54.57,32.43,39.29,shelter-in-place,lockdown,0,1,0,0,0,0,0,0,0,0,0,0,0,0,1,0.0
2020-05-06,2,0.0,0.0,0,1086.0,867.14,809.0,62.14,28.57,32.14,shelter-in-place,lockdown,0,1,0,0,0,0,0,0,0,0,0,0,0,0,1,0.0
2020-05-07,3,1.0,1.0,0,1087.14,909.43,825.43,61.57,28.0,34.63,shelter-in-place,lockdown,0,1,0,0,0,0,0,0,0,0,0,0,0,0,1,1.0
2020-05-08,4,1.0,1.0,0,1085.86,956.0,788.43,49.43,40.43,33.71,shelter-in-place,lockdown,0,1,0,0,0,0,0,0,0,0,0,0,0,0,1,1.0
2020-05-09,5,1.0,1.0,0,1059.43,991.29,795.29,43.14,48.86,34.29,shelter-in-place,lockdown,0,1,0,0,0,0,1,0,0,0,0,0,0,0,1,1.0
2020-05-10,6,1.0,1.0,0,1105.43,1012.86,824.0,39.43,53.0,34.14,shelter-in-place,lockdown,0,1,0,0,0,0,1,0,0,0,0,0,0,0,1,1.0
2020-05-11,0,0.0,0.0,0,1122.0,1024.43,846.86,36.57,53.86,35.29,shelter-in-place,lockdown,0,1,0,0,0,0,0,0,0,0,0,0,0,0,1,0.0
2020-05-12,1,1.0,1.0,0,1151.71,1059.71,845.57,36.14,54.57,32.43,shelter-in-place,lockdown,0,1,0,0,0,0,0,0,0,0,0,0,0,0,1,1.0
2020-05-13,2,1.0,1.0,0,1197.29,1086.0,867.14,30.71,62.14,28.57,shelter-in-place,lockdown,0,1,0,0,0,0,0,0,0,0,0,0,0,0,1,1.0
2020-05-14,3,1.0,1.0,0,1212.43,1087.14,909.43,33.71,61.57,28.0,shelter-in-place,lockdown,0,1,0,0,0,0,0,0,0,0,0,0,0,0,1,1.0
2020-05-15,4,1.0,1.0,0,1292.0,1085.86,956.0,40.71,49.43,40.43,shelter-in-place,lockdown,0,1,0,0,0,0,0,0,0,0,0,0,0,0,1,1.0
2020-05-16,5,1.0,1.0,0,1288.14,1059.43,991.29,40.71,43.14,48.86,shelter-in-place,lockdown,0,1,0,0,0,0,1,0,0,0,0,0,0,0,1,1.0
2020-05-17,6,0.0,0.0,0,1255.86,1105.43,1012.86,40.71,39.43,53.0,shelter-in-place,lockdown,0,1,0,0,0,0,1,0,0,0,0,0,0,0,1,0.0
2020-05-18,0,0.0,0.0,0,1257.14,1122.0,1024.43,38.86,36.57,53.86,shelter-in-place,lockdown,0,1,0,0,0,0,0,0,0,0,0,0,0,0,1,0.0
2020-05-19,1,1.0,1.0,0,1247.43,1151.71,1059.71,48.0,36.14,54.57,shelter-in-place,lockdown,0,1,0,0,0,0,0,0,0,0,0,0,0,0,1,1.0
2020-05-20,2,1.0,1.0,0,1221.0,1197.29,1086.0,49.43,30.71,62.14,shelter-in-place,lockdown,0,1,0,0,0,0,0,0,0,0,0,0,0,0,1,1.0
2020-05-21,3,1.0,1.0,0,1181.71,1212.43,1087.14,47.14,33.71,61.57,shelter-in-place,lockdown,0,1,0,0,0,0,0,0,0,0,0,0,0,0,1,1.0
2020-05-22,4,1.0,1.0,0,1054.57,1292.0,1085.86,38.86,40.71,49.43,shelter-in-place,lockdown,0,1,0,0,0,0,0,0,0,0,0,0,0,0,1,1.0
2020-05-23,5,1.0,1.0,0,1083.57,1288.14,1059.43,37.25,40.71,43.14,shelter-in-place,lockdown,0,1,0,0,0,0,1,0,0,0,0,0,0,0,1,1.0
2020-05-24,6,0.0,0.0,0,1031.71,1255.86,1105.43,37.11,40.71,39.43,shelter-in-place,lockdown,0,1,0,0,0,0,1,0,0,0,0,0,0,0,1,0.0
2020-05-25,0,0.0,0.0,0,957.43,1257.14,1122.0,38.43,38.86,36.57,shelter-in-place,lockdown,0,1,0,0,0,0,0,0,1,1,0,0,0,0,1,0.0
2020-05-26,1,1.0,1.0,0,927.57,1247.43,1151.71,30.57,48.0,36.14,shelter-in-place,lockdown,0,1,0,0,0,0,0,0,0,0,0,0,0,0,1,1.0
2020-05-27,2,1.0,1.0,0,962.29,1221.0,1197.29,30.71,49.43,30.71,shelter-in-place,lockdown,0,1,0,0,0,0,0,0,0,0,0,0,0,0,1,1.0
2020-05-28,3,1.0,1.0,0,1054.14,1181.71,1212.43,32.0,47.14,33.71,shelter-in-place,lockdown,0,1,0,0,0,0,0,0,0,0,0,0,0,0,1,1.0
2020-05-29,4,1.0,1.0,0,1100.57,1054.57,1292.0,36.57,38.86,40.71,shelter-in-place,lockdown,0,1,0,0,0,0,0,0,0,0,0,0,0,0,1,1.0
2020-05-30,5,1.0,1.0,0,1135.0,1083.57,1288.14,59.86,37.25,40.71,shelter-in-place,pre-vaccine,0,0,0,0,0,1,1,0,0,0,0,0,0,0,1,1.0
2020-05-31,6,0.0,0.0,0,1274.86,1031.71,1255.86,55.43,37.11,40.71,pre-vax,pre-vaccine,0,0,0,0,0,1,1,0,0,0,0,0,0,1,0,0.0
2020-06-01,0,0.0,0.0,0,1370.14,957.43,1257.14,55.71,38.43,38.86,pre-vax,pre-vaccine,0,0,0,0,0,1,0,0,0,0,0,0,0,1,0,0.0
2020-06-02,1,1.0,1.0,0,1484.71,927.57,1247.43,57.43,30.57,48.0,pre-vax,pre-vaccine,0,0,0,0,0,1,0,0,0,0,0,0,0,1,0,1.0
2020-06-03,2,1.0,1.0,0,1491.57,962.29,1221.0,61.14,30.71,49.43,pre-vax,pre-vaccine,0,0,0,0,0,1,0,0,0,0,0,0,0,1,0,1.0
2020-06-04,3,1.0,1.0,0,1501.43,1054.14,1181.71,62.14,32.0,47.14,pre-vax,pre-vaccine,0,0,0,0,0,1,0,0,0,0,0,0,0,1,0,1.0
2020-06-05,4,1.0,1.0,0,1607.14,1100.57,1054.57,72.43,36.57,38.86,pre-vax,pre-vaccine,0,0,0,0,0,1,0,0,0,0,0,0,0,1,0,1.0
2020-06-06,5,1.0,1.0,0,1668.71,1135.0,1083.57,66.43,59.86,37.25,pre-vax,pre-vaccine,0,0,0,0,0,1,1,0,0,0,0,0,0,1,0,1.0
2020-06-07,6,0.0,0.0,0,1567.71,1274.86,1031.71,68.71,55.43,37.11,pre-vax,pre-vaccine,0,0,0,0,0,1,1,0,0,0,0,0,0,1,0,0.0
2020-06-08,0,0.0,0.0,0,1606.43,1370.14,957.43,70.57,55.71,38.43,pre-vax,pre-vaccine,0,0,0,0,0,1,0,0,0,0,0,0,0,1,0,0.0
2020-06-09,1,1.0,1.0,0,1615.0,1484.71,927.57,90.14,57.43,30.57,pre-vax,pre-vaccine,0,0,0,0,0,1,0,0,0,0,0,0,0,1,0,1.0
2020-06-10,2,1.0,1.0,0,1746.43,1491.57,962.29,99.29,61.14,30.71,pre-vax,pre-vaccine,0,0,0,0,0,1,0,0,0,0,0,0,0,1,0,1.0
2020-06-11,3,1.0,1.0,0,1777.43,1501.43,1054.14,117.43,62.14,32.0,pre-vax,pre-vaccine,0,0,0,0,0,1,0,0,0,0,0,0,0,1,0,1.0
2020-06-12,4,1.0,1.0,0,1815.43,1607.14,1100.57,124.14,72.43,36.57,pre-vax,pre-vaccine,0,0,0,0,0,1,0,0,0,0,0,0,0,1,0,1.0
2020-06-13,5,1.0,1.0,0,1863.29,1668.71,1135.0,136.0,66.43,59.86,pre-vax,pre-vaccine,0,0,0,0,0,1,1,0,0,0,0,0,0,1,0,1.0
2020-06-14,6,1.0,1.0,0,1942.0,1567.71,1274.86,154.57,68.71,55.43,pre-vax,pre-vaccine,0,0,0,0,0,1,1,0,0,0,0,0,0,1,0,1.0
2020-06-15,0,0.0,0.0,0,2057.14,1606.43,1370.14,157.71,70.57,55.71,pre-vax,pre-vaccine,0,0,0,0,0,1,0,0,0,0,0,0,0,1,0,0.0
2020-06-16,1,1.0,1.0,0,2386.0,1615.0,1484.71,194.71,90.14,57.43,pre-vax,pre-vaccine,0,0,0,0,0,1,0,0,0,0,0,0,0,1,0,1.0
2020-06-17,2,0.0,0.0,0,2527.86,1746.43,1491.57,213.43,99.29,61.14,pre-vax,pre-vaccine,0,0,0,0,0,1,0,0,0,0,0,0,0,1,0,0.0
2020-06-18,3,1.0,1.0,0,2700.71,1777.43,1501.43,244.29,117.43,62.14,pre-vax,pre-vaccine,0,0,0,0,0,1,0,0,0,0,0,0,0,1,0,1.0
2020-06-19,4,1.0,1.0,0,3041.57,1815.43,1607.14,278.57,124.14,72.43,pre-vax,pre-vaccine,0,0,0,0,0,1,0,0,0,0,0,0,0,1,0,1.0
2020-06-20,5,1.0,1.0,0,3353.43,1863.29,1668.71,300.29,136.0,66.43,pre-vax,pre-vaccine,0,0,0,0,0,1,1,0,0,0,0,0,0,1,0,1.0
2020-06-21,6,1.0,1.0,0,3620.57,1942.0,1567.71,355.57,154.57,68.71,pre-vax,pre-vaccine,0,0,0,0,0,1,1,0,0,0,0,0,0,1,0,1.0
2020-06-22,0,0.0,0.0,0,3988.57,2057.14,1606.43,388.43,157.71,70.57,pre-vax,pre-vaccine,0,0,0,0,0,1,0,0,0,0,0,0,0,1,0,0.0
2020-06-23,1,1.0,1.0,0,4107.57,2386.0,1615.0,370.14,194.71,90.14,pre-vax,pre-vaccine,0,0,0,0,0,1,0,0,0,0,0,0,0,1,0,1.0
2020-06-24,2,0.0,0.0,0,4549.14,2527.86,1746.43,381.71,213.43,99.29,pre-vax,pre-vaccine,0,0,0,0,0,1,0,0,0,0,0,0,0,1,0,0.0
2020-06-25,3,1.0,1.0,0,4872.29,2700.71,1777.43,414.57,244.29,117.43,pre-vax,pre-vaccine,0,0,0,0,0,1,0,0,0,0,0,0,0,1,0,1.0
2020-06-26,4,1.0,1.0,0,5037.14,3041.57,1815.43,413.57,278.57,124.14,pre-vax,pre-vaccine,0,0,0,0,0,1,0,0,0,0,0,0,0,1,0,1.0
2020-06-27,5,1.0,1.0,0,5292.14,3353.43,1863.29,472.57,300.29,136.0,pre-vax,pre-vaccine,0,0,0,0,0,1,1,0,0,0,0,0,0,1,0,1.0
2020-06-28,6,0.0,0.0,0,5425.71,3620.57,1942.0,466.43,355.57,154.57,pre-vax,pre-vaccine,0,0,0,0,0,1,1,0,0,0,0,0,0,1,0,0.0
2020-06-29,0,0.0,0.0,0,5587.14,3988.57,2057.14,520.14,388.43,157.71,pre-vax,pre-vaccine,0,0,0,0,0,1,0,0,0,0,0,0,0,1,0,0.0
2020-06-30,1,1.0,1.0,0,5996.71,4107.57,2386.0,656.86,370.14,194.71,pre-vax,pre-vaccine,0,0,0,0,0,1,0,0,0,0,0,0,0,1,0,1.0
2020-07-01,2,1.0,1.0,0,6216.57,4549.14,2527.86,670.0,381.71,213.43,pre-vax,pre-vaccine,0,0,0,0,0,1,0,0,0,0,0,0,0,1,0,1.0
2020-07-02,3,1.0,1.0,0,6496.71,4872.29,2700.71,632.29,414.57,244.29,pre-vax,pre-vaccine,0,0,0,0,0,1,0,0,0,0,0,0,0,1,0,1.0
2020-07-03,4,1.0,1.0,0,6781.0,5037.14,3041.57,765.0,413.57,278.57,pre-vax,pre-vaccine,0,0,0,0,0,1,0,0,1,1,0,0,0,1,0,1.0
2020-07-04,5,1.0,1.0,0,6724.0,5292.14,3353.43,700.14,472.57,300.29,pre-vax,pre-vaccine,0,0,0,0,0,1,1,0,0,0,0,0,0,1,0,1.0
2020-07-05,6,0.0,0.0,0,6753.0,5425.71,3620.57,657.71,466.43,355.57,pre-vax,pre-vaccine,0,0,0,0,0,1,1,0,0,0,0,0,0,1,0,0.0
2020-07-06,0,0.0,0.0,0,7227.71,5587.14,3988.57,615.0,520.14,388.43,pre-vax,pre-vaccine,0,0,0,0,0,1,0,0,0,0,0,0,0,1,0,0.0
2020-07-07,1,1.0,1.0,0,7494.43,5996.71,4107.57,545.0,656.86,370.14,pre-vax,pre-vaccine,0,0,0,0,0,1,0,0,0,0,0,0,0,1,0,1.0
2020-07-08,2,0.0,0.0,0,7755.71,6216.57,4549.14,603.0,670.0,381.71,pre-vax,pre-vaccine,0,0,0,0,0,1,0,0,0,0,0,0,0,1,0,0.0
2020-07-09,3,1.0,1.0,0,8252.14,6496.71,4872.29,685.86,632.29,414.57,pre-vax,pre-vaccine,0,0,0,0,0,1,0,0,0,0,0,0,0,1,0,1.0
2020-07-10,4,1.0,1.0,0,8557.0,6781.0,5037.14,627.14,765.0,413.57,pre-vax,pre-vaccine,0,0,0,0,0,1,0,0,0,0,0,0,0,1,0,1.0
2020-07-11,5,1.0,1.0,0,8939.0,6724.0,5292.14,654.86,700.14,472.57,pre-vax,pre-vaccine,0,0,0,0,0,1,1,0,0,0,0,0,0,1,0,1.0
2020-07-12,6,0.0,0.0,0,9239.14,6753.0,5425.71,699.57,657.71,466.43,pre-vax,pre-vaccine,0,0,0,0,0,1,1,0,0,0,0,0,0,1,0,0.0
2020-07-13,0,0.0,0.0,0,9197.43,7227.71,5587.14,730.14,615.0,520.14,pre-vax,pre-vaccine,0,0,0,0,0,1,0,0,0,0,0,0,0,1,0,0.0
2020-07-14,1,1.0,1.0,0,9353.43,7494.43,5996.71,741.0,545.0,656.86,pre-vax,pre-vaccine,0,0,0,0,0,1,0,0,0,0,0,0,0,1,0,1.0
2020-07-15,2,1.0,1.0,0,9623.14,7755.71,6216.57,688.71,603.0,670.0,pre-vax,pre-vaccine,0,0,0,0,0,1,0,0,0,0,0,0,0,1,0,1.0
2020-07-16,3,1.0,1.0,0,10213.0,8252.14,6496.71,1338.29,685.86,632.29,pre-vax,pre-vaccine,0,0,0,0,0,1,0,0,0,0,0,0,0,1,0,1.0
2020-07-17,4,1.0,1.0,0,10186.57,8557.0,6781.0,1274.71,627.14,765.0,pre-vax,pre-vaccine,0,0,0,0,0,1,0,0,0,0,0,0,0,1,0,1.0
2020-07-18,5,1.0,1.0,0,10254.14,8939.0,6724.0,1356.57,654.86,700.14,pre-vax,pre-vaccine,0,0,0,0,0,1,1,0,0,0,0,0,0,1,0,1.0
2020-07-19,6,0.0,0.0,0,10460.71,9239.14,6753.0,1598.14,699.57,657.71,pre-vax,pre-vaccine,0,0,0,0,0,1,1,0,0,0,0,0,0,1,0,0.0
2020-07-20,0,0.0,0.0,0,10277.14,9197.43,7227.71,1586.14,730.14,615.0,pre-vax,pre-vaccine,0,0,0,0,0,1,0,0,0,0,0,0,0,1,0,0.0
2020-07-21,1,1.0,1.0,0,10136.57,9353.43,7494.43,1542.86,741.0,545.0,pre-vax,pre-vaccine,0,0,0,0,0,1,0,0,0,0,0,0,0,1,0,1.0
2020-07-22,2,1.0,1.0,0,10011.86,9623.14,7755.71,1715.57,688.71,603.0,pre-vax,pre-vaccine,0,0,0,0,0,1,0,0,0,0,0,0,0,1,0,1.0
2020-07-23,3,1.0,1.0,0,9226.86,10213.0,8252.14,1083.71,1338.29,685.86,pre-vax,pre-vaccine,0,0,0,0,0,1,0,0,0,0,0,0,0,1,0,1.0
2020-07-24,4,1.0,1.0,0,8915.43,10186.57,8557.0,1058.14,1274.71,627.14,pre-vax,pre-vaccine,0,0,0,0,0,1,0,0,0,0,0,0,0,1,0,1.0
2020-07-25,5,1.0,1.0,0,8792.86,10254.14,8939.0,1008.14,1356.57,654.86,pre-vax,pre-vaccine,0,0,0,0,0,1,1,0,0,0,0,0,0,1,0,1.0
2020-07-26,6,1.0,1.0,0,8243.14,10460.71,9239.14,749.71,1598.14,699.57,pre-vax,pre-vaccine,0,0,0,0,0,1,1,0,0,0,0,0,0,1,0,1.0
2020-07-27,0,0.0,0.0,0,8089.0,10277.14,9197.43,731.71,1586.14,730.14,pre-vax,pre-vaccine,0,0,0,0,0,1,0,0,0,0,0,0,0,1,0,0.0
2020-07-28,1,1.0,1.0,0,8179.29,10136.57,9353.43,873.86,1542.86,741.0,pre-vax,pre-vaccine,0,0,0,0,0,1,0,0,0,0,0,0,0,1,0,1.0
2020-07-29,2,1.0,1.0,0,7904.29,10011.86,9623.14,767.86,1715.57,688.71,pre-vax,pre-vaccine,0,0,0,0,0,1,0,0,0,0,0,0,0,1,0,1.0
2020-07-30,3,1.0,1.0,0,8004.29,9226.86,10213.0,802.86,1083.71,1338.29,pre-vax,pre-vaccine,0,0,0,0,0,1,0,0,0,0,0,0,0,1,0,1.0
2020-07-31,4,1.0,1.0,0,8489.71,8915.43,10186.57,838.71,1058.14,1274.71,pre-vax,pre-vaccine,0,0,0,0,0,1,0,0,0,0,0,0,0,1,0,1.0
2020-08-01,5,1.0,1.0,0,8087.86,8792.86,10254.14,783.86,1008.14,1356.57,pre-vax,pre-vaccine,0,0,0,0,0,1,1,0,0,0,0,0,0,1,0,1.0
2020-08-02,6,0.0,0.0,0,8431.57,8243.14,10460.71,783.86,749.71,1598.14,pre-vax,pre-vaccine,0,0,0,0,0,1,1,0,0,0,0,0,0,1,0,0.0
2020-08-03,0,0.0,0.0,0,8749.43,8089.0,10277.14,735.71,731.71,1586.14,pre-vax,pre-vaccine,0,0,0,0,0,1,0,0,0,0,0,0,0,1,0,0.0
2020-08-04,1,1.0,1.0,0,8608.0,8179.29,10136.57,704.43,873.86,1542.86,pre-vax,pre-vaccine,0,0,0,0,0,1,0,0,0,0,0,0,0,1,0,1.0
2020-08-05,2,1.0,1.0,0,8653.71,7904.29,10011.86,532.14,767.86,1715.57,pre-vax,pre-vaccine,0,0,0,0,0,1,0,0,0,0,0,0,0,1,0,1.0
2020-08-06,3,1.0,1.0,0,8281.14,8004.29,9226.86,443.43,802.86,1083.71,pre-vax,pre-vaccine,0,0,0,0,0,1,0,0,0,0,0,0,0,1,0,1.0
2020-08-07,4,1.0,1.0,0,7882.29,8489.71,8915.43,305.86,838.71,1058.14,pre-vax,pre-vaccine,0,0,0,0,0,1,0,0,0,0,0,0,0,1,0,1.0
2020-08-08,5,1.0,1.0,0,8054.43,8087.86,8792.86,260.43,783.86,1008.14,pre-vax,pre-vaccine,0,0,0,0,0,1,1,0,0,0,0,0,0,1,0,1.0
2020-08-09,6,0.0,0.0,0,7947.57,8431.57,8243.14,243.0,783.86,749.71,pre-vax,pre-vaccine,0,0,0,0,0,1,1,0,0,0,0,0,0,1,0,0.0
2020-08-10,0,0.0,0.0,0,7663.0,8749.43,8089.0,260.14,735.71,731.71,pre-vax,pre-vaccine,0,0,0,0,0,1,0,0,0,0,0,0,0,1,0,0.0
2020-08-11,1,1.0,1.0,0,7399.0,8608.0,8179.29,260.14,704.43,873.86,pre-vax,pre-vaccine,0,0,0,0,0,1,0,0,0,0,0,0,0,1,0,1.0
2020-08-12,2,1.0,1.0,0,7051.14,8653.71,7904.29,263.0,532.14,767.86,pre-vax,pre-vaccine,0,0,0,0,0,1,0,0,0,0,0,0,0,1,0,1.0
2020-08-13,3,0.0,0.0,0,6957.57,8281.14,8004.29,247.71,443.43,802.86,pre-vax,pre-vaccine,0,0,0,0,0,1,0,0,0,0,0,0,0,1,0,0.0
2020-08-14,4,1.0,1.0,0,7057.71,7882.29,8489.71,217.71,305.86,838.71,pre-vax,pre-vaccine,0,0,0,0,0,1,0,0,0,0,0,0,0,1,0,1.0
2020-08-15,5,0.0,0.0,0,7248.29,8054.43,8087.86,208.86,260.43,783.86,pre-vax,pre-vaccine,0,0,0,0,0,1,1,0,0,0,0,0,0,1,0,0.0
2020-08-16,6,0.0,0.0,0,7581.71,7947.57,8431.57,181.29,243.0,783.86,pre-vax,pre-vaccine,0,0,0,0,0,1,1,0,0,0,0,0,0,1,0,0.0
2020-08-17,0,0.0,0.0,0,7410.86,7663.0,8749.43,166.14,260.14,735.71,pre-vax,pre-vaccine,0,0,0,0,0,1,0,0,0,0,0,0,0,1,0,0.0
2020-08-18,1,1.0,1.0,0,7474.57,7399.0,8608.0,163.25,260.14,704.43,pre-vax,pre-vaccine,0,0,0,0,0,1,0,0,0,0,0,0,0,1,0,1.0
2020-08-19,2,1.0,1.0,0,7256.86,7051.14,8653.71,163.25,263.0,532.14,pre-vax,pre-vaccine,0,0,0,0,0,1,0,0,0,0,0,0,0,1,0,1.0
2020-08-20,3,1.0,1.0,0,7013.57,6957.57,8281.14,138.29,247.71,443.43,pre-vax,pre-vaccine,0,0,0,0,0,1,0,0,0,0,0,0,0,1,0,1.0
2020-08-21,4,1.0,1.0,0,6533.57,7057.71,7882.29,138.29,217.71,305.86,pre-vax,pre-vaccine,0,0,0,0,0,1,0,0,0,0,0,0,0,1,0,1.0
2020-08-22,5,1.0,1.0,0,6259.0,7248.29,8054.43,166.14,208.86,260.43,pre-vax,pre-vaccine,0,0,0,0,0,1,1,0,0,0,0,0,0,1,0,1.0
2020-08-23,6,0.0,0.0,0,5525.71,7581.71,7947.57,171.86,181.29,243.0,pre-vax,pre-vaccine,0,0,0,0,0,1,1,0,0,0,0,0,0,1,0,0.0
2020-08-24,0,0.0,0.0,0,5509.0,7410.86,7663.0,177.43,166.14,260.14,pre-vax,pre-vaccine,0,0,0,0,0,1,0,0,0,0,0,0,0,1,0,0.0
2020-08-25,1,1.0,1.0,0,5212.43,7474.57,7399.0,174.71,163.25,260.14,pre-vax,pre-vaccine,0,0,0,0,0,1,0,0,0,0,0,0,0,1,0,1.0
2020-08-26,2,1.0,1.0,0,5316.14,7256.86,7051.14,169.63,163.25,263.0,pre-vax,pre-vaccine,0,0,0,0,0,1,0,0,0,0,0,0,0,1,0,1.0
2020-08-27,3,1.0,1.0,0,5106.71,7013.57,6957.57,167.14,138.29,247.71,pre-vax,pre-vaccine,0,0,0,0,0,1,0,0,0,0,0,0,0,1,0,1.0
2020-08-28,4,1.0,1.0,0,5012.43,6533.57,7057.71,180.25,138.29,217.71,pre-vax,pre-vaccine,0,0,0,0,0,1,0,0,0,0,0,0,0,1,0,1.0
2020-08-29,5,1.0,1.0,0,4954.0,6259.0,7248.29,162.14,166.14,208.86,pre-vax,pre-vaccine,0,0,0,0,0,1,1,0,0,0,0,0,0,1,0,1.0
2020-08-30,6,0.0,0.0,0,4914.71,5525.71,7581.71,163.71,171.86,181.29,pre-vax,pre-vaccine,0,0,0,0,0,1,1,0,0,0,0,0,0,1,0,0.0
2020-08-31,0,0.0,0.0,0,4670.86,5509.0,7410.86,153.86,177.43,166.14,pre-vax,pre-vaccine,0,0,0,0,0,1,0,0,0,0,0,0,0,1,0,0.0
2020-09-01,1,0.0,0.0,0,4546.71,5212.43,7474.57,163.57,174.71,163.25,pre-vax,pre-vaccine,0,0,0,0,0,1,0,0,0,0,0,0,0,1,0,0.0
2020-09-02,2,1.0,1.0,0,4286.86,5316.14,7256.86,184.43,169.63,163.25,pre-vax,pre-vaccine,0,0,0,0,0,1,0,0,0,0,0,0,0,1,0,1.0
2020-09-03,3,1.0,1.0,0,4239.14,5106.71,7013.57,179.86,167.14,138.29,pre-vax,pre-vaccine,0,0,0,0,0,1,0,0,0,0,0,0,0,1,0,1.0
2020-09-04,4,1.0,1.0,0,4328.14,5012.43,6533.57,157.29,180.25,138.29,pre-vax,pre-vaccine,0,0,0,0,0,1,0,0,0,0,0,0,0,1,0,1.0
2020-09-05,5,1.0,1.0,0,4201.71,4954.0,6259.0,146.29,162.14,166.14,pre-vax,pre-vaccine,0,0,0,0,0,1,1,0,0,0,0,0,0,1,0,1.0
2020-09-06,6,1.0,1.0,0,4113.0,4914.71,5525.71,163.14,163.71,171.86,pre-vax,pre-vaccine,0,0,0,0,0,1,1,0,0,0,0,0,0,1,0,1.0
2020-09-07,0,0.0,0.0,0,3698.86,4670.86,5509.0,163.14,153.86,177.43,pre-vax,pre-vaccine,0,0,0,0,0,1,0,0,1,1,0,0,0,1,0,0.0
2020-09-08,1,1.0,1.0,0,3556.14,4546.71,5212.43,157.57,163.57,174.71,pre-vax,pre-vaccine,0,0,0,0,0,1,0,0,0,0,0,0,0,1,0,1.0
2020-09-09,2,1.0,1.0,0,3615.0,4286.86,5316.14,139.14,184.43,169.63,pre-vax,pre-vaccine,0,0,0,0,0,1,0,0,0,0,0,0,0,1,0,1.0
2020-09-10,3,1.0,1.0,0,3509.57,4239.14,5106.71,126.57,179.86,167.14,pre-vax,pre-vaccine,0,0,0,0,0,1,0,0,0,0,0,0,0,1,0,1.0
2020-09-11,4,1.0,1.0,0,3500.86,4328.14,5012.43,127.14,157.29,180.25,pre-vax,pre-vaccine,0,0,0,0,0,1,0,0,0,0,0,0,0,1,0,1.0
2020-09-12,5,0.0,0.0,0,3239.29,4201.71,4954.0,126.14,146.29,162.14,pre-vax,pre-vaccine,0,0,0,0,0,1,1,0,0,0,0,0,0,1,0,0.0
2020-09-13,6,0.0,0.0,0,3514.71,4113.0,4914.71,338.86,163.14,163.71,pre-vax,pre-vaccine,0,0,0,0,0,1,1,0,0,0,0,0,0,1,0,0.0
2020-09-14,0,0.0,0.0,0,4048.29,3698.86,4670.86,309.13,163.14,153.86,pre-vax,pre-vaccine,0,0,0,0,0,1,0,0,0,0,0,0,0,1,0,0.0
2020-09-15,1,1.0,1.0,0,4440.29,3556.14,4546.71,342.14,157.57,163.57,pre-vax,pre-vaccine,0,0,0,0,0,1,0,0,0,0,0,0,0,1,0,1.0
2020-09-16,2,1.0,1.0,0,4412.14,3615.0,4286.86,342.43,139.14,184.43,pre-vax,pre-vaccine,0,0,0,0,0,1,0,0,0,0,0,0,0,1,0,1.0
2020-09-17,3,1.0,1.0,0,4647.86,3509.57,4239.14,352.71,126.57,179.86,pre-vax,pre-vaccine,0,0,0,0,0,1,0,0,0,0,0,0,0,1,0,1.0
2020-09-18,4,1.0,1.0,0,4336.71,3500.86,4328.14,359.0,127.14,157.29,pre-vax,pre-vaccine,0,0,0,0,0,1,0,0,0,0,0,0,0,1,0,1.0
2020-09-19,5,1.0,1.0,0,4427.57,3239.29,4201.71,366.0,126.14,146.29,pre-vax,pre-vaccine,0,0,0,0,0,1,1,0,0,0,0,0,0,1,0,1.0
2020-09-20,6,0.0,0.0,0,4645.57,3514.71,4113.0,489.43,338.86,163.14,pre-vax,pre-vaccine,0,0,0,0,0,1,1,0,0,0,0,0,0,1,0,0.0
2020-09-21,0,0.0,0.0,0,4645.57,4048.29,3698.86,489.43,309.13,163.14,pre-vax,pre-vaccine,0,0,0,0,0,1,0,0,0,0,0,0,0,1,0,0.0
2020-09-22,1,1.0,1.0,0,4606.57,4440.29,3556.14,503.0,342.14,157.57,pre-vax,pre-vaccine,0,0,0,0,0,1,0,0,0,0,0,0,0,1,0,1.0
2020-09-23,2,1.0,1.0,0,4252.29,4412.14,3615.0,508.71,342.43,139.14,pre-vax,pre-vaccine,0,0,0,0,0,1,0,0,0,0,0,0,0,1,0,1.0
2020-09-24,3,1.0,1.0,0,4295.57,4647.86,3509.57,512.14,352.71,126.57,pre-vax,pre-vaccine,0,0,0,0,0,1,0,0,0,0,0,0,0,1,0,1.0
2020-09-25,4,1.0,1.0,0,4135.0,4336.71,3500.86,524.0,359.0,127.14,pre-vax,pre-vaccine,0,0,0,0,0,1,0,0,0,0,0,0,0,1,0,1.0
2020-09-26,5,1.0,1.0,0,4102.0,4427.57,3239.29,524.0,366.0,126.14,pre-vax,pre-vaccine,0,0,0,0,0,1,1,0,0,0,0,0,0,1,0,1.0
2020-09-27,6,0.0,0.0,0,4478.43,4645.57,3514.71,897.57,489.43,338.86,pre-vax,pre-vaccine,0,0,0,0,0,1,1,0,0,0,0,0,0,1,0,0.0
2020-09-28,0,0.0,0.0,0,4134.71,4645.57,4048.29,537.86,489.43,309.13,pre-vax,pre-vaccine,0,0,0,0,0,1,0,0,0,0,0,0,0,1,0,0.0
2020-09-29,1,1.0,1.0,0,4496.29,4606.57,4440.29,576.86,503.0,342.14,pre-vax,pre-vaccine,0,0,0,0,0,1,0,0,0,0,0,0,0,1,0,1.0
2020-09-30,2,1.0,1.0,0,4353.71,4252.29,4412.14,576.86,508.71,342.43,pre-vax,pre-vaccine,0,0,0,0,0,1,0,0,0,0,0,0,0,1,0,1.0
2020-10-01,3,1.0,1.0,0,4241.0,4295.57,4647.86,566.43,512.14,352.71,pre-vax,pre-vaccine,0,0,0,0,0,1,0,0,0,0,0,0,0,1,0,1.0
2020-10-02,4,1.0,1.0,0,4616.86,4135.0,4336.71,549.14,524.0,359.0,pre-vax,pre-vaccine,0,0,0,0,0,1,0,0,0,0,0,0,0,1,0,1.0
2020-10-03,5,1.0,1.0,0,4967.0,4102.0,4427.57,498.63,524.0,366.0,pre-vax,pre-vaccine,0,0,0,0,0,1,1,0,0,0,0,0,0,1,0,1.0
2020-10-04,6,0.0,0.0,0,4557.29,4478.43,4645.57,219.0,897.57,489.43,pre-vax,pre-vaccine,0,0,0,0,0,1,1,0,0,0,0,0,0,1,0,0.0
2020-10-05,0,0.0,0.0,0,4693.71,4134.71,4645.57,219.71,537.86,489.43,pre-vax,pre-vaccine,0,0,0,0,0,1,0,0,0,0,0,0,0,1,0,0.0
2020-10-06,1,1.0,1.0,0,4378.29,4496.29,4606.57,180.29,576.86,503.0,pre-vax,pre-vaccine,0,0,0,0,0,1,0,0,0,0,0,0,0,1,0,1.0
2020-10-07,2,1.0,1.0,0,4734.14,4353.71,4252.29,188.71,576.86,508.71,pre-vax,pre-vaccine,0,0,0,0,0,1,0,0,0,0,0,0,0,1,0,1.0
2020-10-08,3,1.0,1.0,0,4809.43,4241.0,4295.57,198.14,566.43,512.14,pre-vax,pre-vaccine,0,0,0,0,0,1,0,0,0,0,0,0,0,1,0,1.0
2020-10-09,4,1.0,1.0,0,4611.29,4616.86,4135.0,210.71,549.14,524.0,pre-vax,pre-vaccine,0,0,0,0,0,1,0,0,0,0,0,0,0,1,0,1.0
2020-10-10,5,1.0,1.0,0,4335.29,4967.0,4102.0,210.71,498.63,524.0,pre-vax,pre-vaccine,0,0,0,0,0,1,1,0,0,0,0,0,0,1,0,1.0
2020-10-11,6,0.0,0.0,0,4330.0,4557.29,4478.43,143.71,219.0,897.57,pre-vax,pre-vaccine,0,0,0,0,0,1,1,0,0,0,0,0,0,1,0,0.0
2020-10-12,0,0.0,0.0,0,4324.57,4693.71,4134.71,140.57,219.71,537.86,pre-vax,pre-vaccine,0,0,0,0,0,1,0,0,1,1,0,0,0,1,0,0.0
2020-10-13,1,1.0,1.0,0,4446.43,4378.29,4496.29,137.57,180.29,576.86,pre-vax,pre-vaccine,0,0,0,0,0,1,0,0,0,0,0,0,0,1,0,1.0
2020-10-14,2,1.0,1.0,0,4428.86,4734.14,4353.71,125.86,188.71,576.86,pre-vax,pre-vaccine,0,0,0,0,0,1,0,0,0,0,0,0,0,1,0,1.0
2020-10-15,3,1.0,1.0,0,4606.43,4809.43,4241.0,133.57,198.14,566.43,pre-vax,pre-vaccine,0,0,0,0,0,1,0,0,0,0,0,0,0,1,0,1.0
2020-10-16,4,1.0,1.0,0,4760.86,4611.29,4616.86,132.57,210.71,549.14,pre-vax,pre-vaccine,0,0,0,0,0,1,0,0,0,0,0,0,0,1,0,1.0
2020-10-17,5,1.0,1.0,0,4890.71,4335.29,4967.0,139.38,210.71,498.63,pre-vax,pre-vaccine,0,0,0,0,0,1,1,0,0,0,0,0,0,1,0,1.0
2020-10-18,6,1.0,1.0,0,5232.29,4330.0,4557.29,520.57,143.71,219.0,pre-vax,pre-vaccine,0,0,0,0,0,1,1,0,0,0,0,0,0,1,0,1.0
2020-10-19,0,1.0,1.0,0,5324.71,4324.57,4693.71,528.0,140.57,219.71,pre-vax,pre-vaccine,0,0,0,0,0,1,0,0,0,0,0,0,0,1,0,1.0
2020-10-20,1,1.0,1.0,0,5376.14,4446.43,4378.29,527.43,137.57,180.29,pre-vax,pre-vaccine,0,0,0,0,0,1,0,0,0,0,0,0,0,1,0,1.0
2020-10-21,2,0.0,0.0,0,5464.71,4428.86,4734.14,539.0,125.86,188.71,pre-vax,pre-vaccine,0,0,0,0,0,1,0,0,0,0,0,0,0,1,0,0.0
2020-10-22,3,1.0,1.0,0,5391.0,4606.43,4809.43,536.57,133.57,198.14,pre-vax,pre-vaccine,0,0,0,0,0,1,0,0,0,0,0,0,0,1,0,1.0
2020-10-23,4,1.0,1.0,0,5689.0,4760.86,4611.29,545.57,132.57,210.71,pre-vax,pre-vaccine,0,0,0,0,0,1,0,0,0,0,0,0,0,1,0,1.0
2020-10-24,5,1.0,1.0,0,6094.86,4890.71,4335.29,549.57,139.38,210.71,pre-vax,pre-vaccine,0,0,0,0,0,1,1,0,0,0,0,0,0,1,0,1.0
2020-10-25,6,0.0,0.0,0,5888.0,5232.29,4330.0,184.0,520.57,143.71,pre-vax,pre-vaccine,0,0,0,0,0,1,1,0,0,0,0,0,0,1,0,0.0
2020-10-26,0,0.0,0.0,0,6165.71,5324.71,4324.57,191.57,528.0,140.57,pre-vax,pre-vaccine,0,0,0,0,0,1,0,0,0,0,0,0,0,1,0,0.0
2020-10-27,1,1.0,1.0,0,6360.86,5376.14,4446.43,192.43,527.43,137.57,pre-vax,pre-vaccine,0,0,0,0,0,1,0,0,0,0,0,0,0,1,0,1.0
2020-10-28,2,1.0,1.0,0,6546.29,5464.71,4428.86,202.14,539.0,125.86,pre-vax,pre-vaccine,0,0,0,0,0,1,0,0,0,0,0,0,0,1,0,1.0
2020-10-29,3,1.0,1.0,0,6805.86,5391.0,4606.43,201.29,536.57,133.57,pre-vax,pre-vaccine,0,0,0,0,0,1,0,0,0,0,0,0,0,1,0,1.0
2020-10-30,4,1.0,1.0,0,6661.86,5689.0,4760.86,191.29,545.57,132.57,pre-vax,pre-vaccine,0,0,0,0,0,1,0,0,0,0,0,0,0,1,0,1.0
2020-10-31,5,1.0,1.0,0,6684.86,6094.86,4890.71,199.57,549.57,139.38,pre-vax,pre-vaccine,0,0,0,0,0,1,1,0,0,0,0,0,0,1,0,1.0
2020-11-01,6,0.0,0.0,0,6742.43,5888.0,5232.29,206.86,184.0,520.57,pre-vax,pre-vaccine,0,0,0,0,0,1,1,0,0,0,0,0,0,1,0,0.0
2020-11-02,0,0.0,0.0,0,6934.29,6165.71,5324.71,209.14,191.57,528.0,pre-vax,pre-vaccine,0,0,0,0,0,1,0,0,0,0,0,0,0,1,0,0.0
2020-11-03,1,1.0,1.0,0,7116.71,6360.86,5376.14,226.86,192.43,527.43,pre-vax,pre-vaccine,0,0,0,0,0,1,0,0,0,0,0,0,0,1,0,1.0
2020-11-04,2,1.0,1.0,0,7524.86,6546.29,5464.71,213.14,202.14,539.0,pre-vax,pre-vaccine,0,0,0,0,0,1,0,0,0,0,0,0,0,1,0,1.0
2020-11-05,3,0.0,0.0,0,7791.29,6805.86,5391.0,212.29,201.29,536.57,pre-vax,pre-vaccine,0,0,0,0,0,1,0,0,0,0,0,0,0,1,0,0.0
2020-11-06,4,1.0,1.0,0,8269.29,6661.86,5689.0,218.14,191.29,545.57,pre-vax,pre-vaccine,0,0,0,0,0,1,0,0,0,0,0,0,0,1,0,1.0
2020-11-07,5,1.0,1.0,0,8055.14,6684.86,6094.86,213.14,199.57,549.57,pre-vax,pre-vaccine,0,0,0,0,0,1,1,0,0,0,0,0,0,1,0,1.0
2020-11-08,6,0.0,0.0,0,8426.14,6742.43,5888.0,223.29,206.86,184.0,pre-vax,pre-vaccine,0,0,0,0,0,1,1,0,0,0,0,0,0,1,0,0.0
2020-11-09,0,0.0,0.0,0,8684.29,6934.29,6165.71,259.0,209.14,191.57,pre-vax,pre-vaccine,0,0,0,0,0,1,0,0,0,0,0,0,0,1,0,0.0
2020-11-10,1,1.0,1.0,0,9131.71,7116.71,6360.86,263.86,226.86,192.43,pre-vax,pre-vaccine,0,0,0,0,0,1,0,0,0,0,0,0,0,1,0,1.0
2020-11-11,2,1.0,1.0,0,9450.29,7524.86,6546.29,263.86,213.14,202.14,pre-vax,pre-vaccine,0,0,0,0,0,1,0,0,1,1,0,0,0,1,0,1.0
2020-11-12,3,1.0,1.0,0,9557.71,7791.29,6805.86,263.86,212.29,201.29,pre-vax,pre-vaccine,0,0,0,0,0,1,0,0,0,0,0,0,0,1,0,1.0
2020-11-13,4,1.0,1.0,0,9924.86,8269.29,6661.86,263.86,218.14,191.29,pre-vax,pre-vaccine,0,0,0,0,0,1,0,0,0,0,0,0,0,1,0,1.0
2020-11-14,5,1.0,1.0,0,10470.71,8055.14,6684.86,346.86,213.14,199.57,pre-vax,pre-vaccine,0,0,0,0,0,1,1,0,0,0,0,0,0,1,0,1.0
2020-11-15,6,0.0,0.0,0,10532.57,8426.14,6742.43,345.0,223.29,206.86,pre-vax,pre-vaccine,0,0,0,0,0,1,1,0,0,0,0,0,0,1,0,0.0
2020-11-16,0,0.0,0.0,0,10744.43,8684.29,6934.29,313.14,259.0,209.14,pre-vax,pre-vaccine,0,0,0,0,0,1,0,0,0,0,0,0,0,1,0,0.0
2020-11-17,1,1.0,1.0,0,10637.43,9131.71,7116.71,307.43,263.86,226.86,pre-vax,pre-vaccine,0,0,0,0,0,1,0,0,0,0,0,0,0,1,0,1.0
2020-11-18,2,1.0,1.0,0,10689.57,9450.29,7524.86,314.75,263.86,213.14,pre-vax,pre-vaccine,0,0,0,0,0,1,0,0,0,0,0,0,0,1,0,1.0
2020-11-19,3,1.0,1.0,0,11268.29,9557.71,7791.29,333.44,263.86,212.29,pre-vax,pre-vaccine,0,0,0,0,0,1,0,0,0,0,0,0,0,1,0,1.0
2020-11-20,4,1.0,1.0,0,11425.86,9924.86,8269.29,393.7,263.86,218.14,pre-vax,pre-vaccine,0,0,0,0,0,1,0,0,0,0,0,0,0,1,0,1.0
2020-11-21,5,1.0,1.0,0,11590.71,10470.71,8055.14,430.29,346.86,213.14,pre-vax,pre-vaccine,0,0,0,0,0,1,1,0,0,0,0,0,0,1,0,1.0
2020-11-22,6,0.0,0.0,0,11751.57,10532.57,8426.14,548.57,345.0,223.29,pre-vax,pre-vaccine,0,0,0,0,0,1,1,0,0,0,0,0,0,1,0,0.0
2020-11-23,0,0.0,0.0,0,11721.86,10744.43,8684.29,622.14,313.14,259.0,pre-vax,pre-vaccine,0,0,0,0,0,1,0,0,0,0,0,0,0,1,0,0.0
2020-11-24,1,1.0,1.0,0,13098.57,10637.43,9131.71,741.43,307.43,263.86,pre-vax,pre-vaccine,0,0,0,0,0,1,0,0,0,0,0,0,0,1,0,1.0
2020-11-25,2,0.0,0.0,0,13340.71,10689.57,9450.29,836.57,314.75,263.86,pre-vax,pre-vaccine,0,0,0,0,0,1,0,0,0,0,0,0,0,1,0,0.0
2020-11-26,3,0.0,0.0,0,12031.0,11268.29,9557.71,836.57,333.44,263.86,pre-vax,pre-vaccine,0,0,0,0,0,1,0,0,1,1,0,0,0,1,0,0.0
2020-11-27,4,1.0,1.0,0,10735.86,11425.86,9924.86,836.57,393.7,263.86,pre-vax,pre-vaccine,0,0,0,0,0,1,0,0,0,1,0,0,0,1,0,1.0
2020-11-28,5,1.0,1.0,0,10067.57,11590.71,10470.71,800.86,430.29,346.86,pre-vax,pre-vaccine,0,0,0,0,0,1,1,0,0,0,0,0,0,1,0,1.0
2020-11-29,6,0.0,0.0,0,10588.86,11751.57,10532.57,882.14,548.57,345.0,pre-vax,pre-vaccine,0,0,0,0,0,1,1,0,0,0,0,0,0,1,0,0.0
2020-11-30,0,0.0,0.0,0,11158.43,11721.86,10744.43,940.43,622.14,313.14,pre-vax,pre-vaccine,0,0,0,0,0,1,0,0,0,0,0,0,0,1,0,0.0
2020-12-01,1,1.0,1.0,0,10132.71,13098.57,10637.43,844.0,741.43,307.43,pre-vax,pre-vaccine,0,0,0,0,0,1,0,0,0,0,0,0,0,1,0,1.0
2020-12-02,2,1.0,1.0,0,10650.86,13340.71,10689.57,910.71,836.57,314.75,pre-vax,pre-vaccine,0,0,0,0,0,1,0,0,0,0,0,0,0,1,0,1.0
2020-12-03,3,1.0,1.0,0,12551.14,12031.0,11268.29,891.88,836.57,333.44,pre-vax,pre-vaccine,0,0,0,0,0,1,0,0,0,0,0,0,0,1,0,1.0
2020-12-04,4,1.0,1.0,0,13905.86,10735.86,11425.86,939.0,836.57,393.7,pre-vax,pre-vaccine,0,0,0,0,0,1,0,0,0,0,0,0,0,1,0,1.0
2020-12-05,5,1.0,1.0,0,14612.86,10067.57,11590.71,1069.14,800.86,430.29,pre-vax,pre-vaccine,0,0,0,0,0,1,1,0,0,0,0,0,0,1,0,1.0
2020-12-06,6,0.0,0.0,0,14195.14,10588.86,11751.57,989.86,882.14,548.57,pre-vax,pre-vaccine,0,0,0,0,0,1,1,0,0,0,0,0,0,1,0,0.0
2020-12-07,0,0.0,0.0,0,14161.0,11158.43,11721.86,1003.14,940.43,622.14,pre-vax,pre-vaccine,0,0,0,0,0,1,0,0,0,0,0,0,0,1,0,0.0
2020-12-08,1,1.0,1.0,0,14237.86,10132.71,13098.57,1123.43,844.0,741.43,pre-vax,pre-vaccine,0,0,0,0,0,1,0,0,0,0,0,0,0,1,0,1.0
2020-12-09,2,1.0,1.0,0,13769.71,10650.86,13340.71,1013.57,910.71,836.57,pre-vax,pre-vaccine,0,0,0,0,0,1,0,0,0,0,0,0,0,1,0,1.0
2020-12-10,3,1.0,1.0,0,13086.86,12551.14,12031.0,1072.71,891.88,836.57,pre-vax,pre-vaccine,0,0,0,0,0,1,0,0,0,0,0,0,0,1,0,1.0
2020-12-11,4,1.0,1.0,0,13086.86,13905.86,10735.86,1072.71,939.0,836.57,pre-vax,pre-vaccine,0,0,0,0,0,1,0,0,0,0,0,0,0,1,0,1.0
2020-12-12,5,1.0,1.0,0,12711.29,14612.86,10067.57,1026.43,1069.14,800.86,pre-vax,pre-vaccine,0,0,0,0,0,1,1,0,0,0,0,0,0,1,0,1.0
2020-12-13,6,0.0,0.0,0,12075.57,14195.14,10588.86,1028.14,989.86,882.14,pre-vax,pre-vaccine,0,0,0,0,0,1,1,0,0,0,0,0,0,1,0,0.0
2020-12-14,0,0.0,0.0,0,12701.71,14161.0,11158.43,957.86,1003.14,940.43,pre-vax,pre-vaccine,0,0,0,0,0,1,0,0,0,0,0,0,0,1,0,0.0
2020-12-15,1,1.0,1.0,0,13393.14,14237.86,10132.71,979.14,1123.43,844.0,pre-vax,pre-vaccine,0,0,0,0,0,1,0,0,0,0,0,0,0,1,0,1.0
2020-12-16,2,1.0,1.0,0,14516.57,13769.71,10650.86,993.71,1013.57,910.71,pre-vax,pre-vaccine,0,0,0,0,0,1,0,0,0,0,0,0,0,1,0,1.0
2020-12-17,3,1.0,1.0,0,14694.29,13086.86,12551.14,1118.86,1072.71,891.88,pre-vax,pre-vaccine,0,0,0,0,0,1,0,0,0,0,0,0,0,1,0,1.0
2020-12-18,4,1.0,1.0,0,15582.0,13086.86,13905.86,1084.86,1072.71,939.0,pre-vax,pre-vaccine,0,0,0,0,0,1,0,0,0,0,0,0,0,1,0,1.0
2020-12-19,5,1.0,1.0,0,15853.57,12711.29,14612.86,1049.43,1026.43,1069.14,pre-vax,pre-vaccine,0,0,0,0,0,1,1,0,0,0,0,0,0,1,0,1.0
2020-12-20,6,0.0,0.0,0,16011.43,12075.57,14195.14,1140.29,1028.14,989.86,pre-vax,pre-vaccine,0,0,0,0,0,1,1,0,0,0,0,0,0,1,0,0.0
2020-12-21,0,0.0,0.0,0,16480.14,12701.71,14161.0,1238.0,957.86,1003.14,pre-vax,pre-vaccine,0,0,0,0,0,1,0,0,0,0,0,0,0,1,0,0.0
2020-12-22,1,1.0,1.0,0,16831.14,13393.14,14237.86,1289.14,979.14,1123.43,pre-vax,pre-vaccine,0,0,0,0,0,1,0,0,0,0,0,0,0,1,0,1.0
2020-12-23,2,1.0,1.0,0,16676.86,14516.57,13769.71,1322.43,993.71,1013.57,pre-vax,pre-vaccine,0,0,0,0,0,1,0,0,0,0,0,0,0,1,0,1.0
2020-12-24,3,1.0,1.0,0,15459.71,14694.29,13086.86,1322.43,1118.86,1072.71,pre-vax,pre-vaccine,0,0,0,0,0,1,0,0,0,0,0,0,0,1,0,1.0
2020-12-25,4,0.0,0.0,0,12991.43,15582.0,13086.86,1322.43,1084.86,1072.71,pre-vax,pre-vaccine,0,0,0,0,0,1,0,0,1,1,0,0,0,1,0,0.0
2020-12-26,5,1.0,1.0,0,11899.57,15853.57,12711.29,1322.43,1049.43,1026.43,pre-vax,pre-vaccine,0,0,0,0,0,1,1,0,0,0,0,0,0,1,0,1.0
2020-12-27,6,0.0,0.0,0,14019.43,16011.43,12075.57,1436.29,1140.29,1028.14,pre-vax,pre-vaccine,0,0,0,0,0,1,1,0,0,0,0,0,0,1,0,0.0
2020-12-28,0,0.0,0.0,0,14531.57,16480.14,12701.71,1259.14,1238.0,957.86,pre-vax,pre-vaccine,0,0,0,0,0,1,0,0,1,1,0,0,0,1,0,0.0
2020-12-29,1,1.0,1.0,0,14768.86,16831.14,13393.14,1314.0,1289.14,979.14,pre-vax,pre-vaccine,0,0,0,0,0,1,0,0,1,1,0,0,0,1,0,1.0
2020-12-30,2,1.0,1.0,0,14589.43,16676.86,14516.57,1270.29,1322.43,993.71,pre-vax,pre-vaccine,0,0,0,0,0,1,0,0,1,1,0,0,0,1,0,1.0
2020-12-31,3,1.0,1.0,0,15853.71,15459.71,14694.29,1270.29,1322.43,1118.86,pre-vax,early-vaccine,1,0,0,0,0,0,0,0,1,1,0,0,0,1,0,1.0
2021-01-01,4,1.0,1.0,0,16669.57,12991.43,15582.0,1270.29,1322.43,1084.86,pre-vax,early-vaccine,1,0,0,0,0,0,0,0,1,1,0,0,0,1,0,1.0
2021-01-02,5,0.0,0.0,0,17858.71,11899.57,15853.57,1256.2,1322.43,1049.43,pre-vax,early-vaccine,1,0,0,0,0,0,1,0,0,0,0,0,0,1,0,0.0
2021-01-03,6,0.0,0.0,0,16908.71,14019.43,16011.43,1339.0,1436.29,1140.29,pre-vax,early-vaccine,1,0,0,0,0,0,1,0,0,0,0,0,0,1,0,0.0
2021-01-04,0,0.0,0.0,0,17285.29,14531.57,16480.14,1483.86,1259.14,1238.0,pre-vax,early-vaccine,1,0,0,0,0,0,0,0,0,0,0,0,0,1,0,0.0
2021-01-05,1,1.0,1.0,0,18315.71,14768.86,16831.14,1491.14,1314.0,1289.14,pre-vax,early-vaccine,1,0,0,0,0,0,0,0,0,0,0,0,0,1,0,1.0
2021-01-06,2,1.0,1.0,0,19159.14,14589.43,16676.86,1601.71,1270.29,1322.43,pre-vax,early-vaccine,1,0,0,0,0,0,0,0,0,0,0,0,0,1,0,1.0
2021-01-07,3,1.0,1.0,0,19985.57,15853.71,15459.71,1547.75,1270.29,1322.43,pre-vax,early-vaccine,1,0,0,0,0,0,0,0,0,0,0,0,0,1,0,1.0
2021-01-08,4,1.0,1.0,0,22314.0,16669.57,12991.43,1495.67,1270.29,1322.43,pre-vax,early-vaccine,1,0,0,0,0,0,0,0,0,0,0,0,0,1,0,1.0
2021-01-09,5,1.0,1.0,0,22812.0,17858.71,11899.57,1584.57,1256.2,1322.43,pre-vax,early-vaccine,1,0,0,0,0,0,1,0,0,0,0,0,0,1,0,1.0
2021-01-10,6,0.0,0.0,0,22528.43,16908.71,14019.43,1704.0,1339.0,1436.29,pre-vax,early-vaccine,1,0,0,0,0,0,1,0,0,0,0,0,0,1,0,0.0
2021-01-11,0,0.0,0.0,0,22619.29,17285.29,14531.57,1779.43,1483.86,1259.14,pre-vax,early-vaccine,1,0,0,0,0,0,0,0,0,0,0,0,0,1,0,0.0
2021-01-12,1,1.0,1.0,0,22079.71,18315.71,14768.86,1801.0,1491.14,1314.0,pre-vax,early-vaccine,1,0,0,0,0,0,0,0,0,0,0,0,0,1,0,1.0
2021-01-13,2,0.0,0.0,0,21763.43,19159.14,14589.43,1698.29,1601.71,1270.29,pre-vax,early-vaccine,1,0,0,0,0,0,0,0,0,0,0,0,0,1,0,0.0
2021-01-14,3,1.0,1.0,0,22802.57,19985.57,15853.71,1792.43,1547.75,1270.29,pre-vax,early-vaccine,1,0,0,0,0,0,0,0,0,0,0,0,0,1,0,1.0
2021-01-15,4,1.0,1.0,0,22871.71,22314.0,16669.57,2051.0,1495.67,1270.29,pre-vax,early-vaccine,1,0,0,0,0,0,0,0,0,0,0,0,0,1,0,1.0
2021-01-16,5,1.0,1.0,0,22982.57,22812.0,17858.71,2270.86,1584.57,1256.2,pre-vax,early-vaccine,1,0,0,0,0,0,1,0,0,0,0,0,0,1,0,1.0
2021-01-17,6,0.0,0.0,0,22758.57,22528.43,16908.71,2148.0,1704.0,1339.0,pre-vax,early-vaccine,1,0,0,0,0,0,1,0,0,0,0,0,0,1,0,0.0
2021-01-18,0,0.0,0.0,0,20967.71,22619.29,17285.29,2104.57,1779.43,1483.86,pre-vax,early-vaccine,1,0,0,0,0,0,0,0,1,1,0,0,0,1,0,0.0
2021-01-19,1,1.0,1.0,0,20203.71,22079.71,18315.71,2117.71,1801.0,1491.14,pre-vax,early-vaccine,1,0,0,0,0,0,0,0,0,0,0,0,0,1,0,1.0
2021-01-20,2,1.0,1.0,0,20903.57,21763.43,19159.14,2042.29,1698.29,1601.71,pre-vax,early-vaccine,1,0,0,0,0,0,0,0,0,0,0,0,0,1,0,1.0
2021-01-21,3,1.0,1.0,0,19698.71,22802.57,19985.57,2139.14,1792.43,1547.75,pre-vax,early-vaccine,1,0,0,0,0,0,0,0,0,0,0,0,0,1,0,1.0
2021-01-22,4,1.0,1.0,0,18799.57,22871.71,22314.0,2047.43,2051.0,1495.67,pre-vax,early-vaccine,1,0,0,0,0,0,0,0,0,0,0,0,0,1,0,1.0
2021-01-23,5,1.0,1.0,0,18173.0,22982.57,22812.0,1882.29,2270.86,1584.57,pre-vax,early-vaccine,1,0,0,0,0,0,1,0,0,0,0,0,0,1,0,1.0
2021-01-24,6,0.0,0.0,0,17494.0,22758.57,22528.43,1638.71,2148.0,1704.0,pre-vax,early-vaccine,1,0,0,0,0,0,1,0,0,0,0,0,0,1,0,0.0
2021-01-25,0,0.0,0.0,0,18809.29,20967.71,22619.29,1753.14,2104.57,1779.43,pre-vax,early-vaccine,1,0,0,0,0,0,0,0,0,0,0,0,0,1,0,0.0
2021-01-26,1,1.0,1.0,0,18627.43,20203.71,22079.71,1528.29,2117.71,1801.0,pre-vax,early-vaccine,1,0,0,0,0,0,0,0,0,0,0,0,0,1,0,1.0
2021-01-27,2,1.0,1.0,0,17447.29,20903.57,21763.43,1598.43,2042.29,1698.29,pre-vax,early-vaccine,1,0,0,0,0,0,0,0,0,0,0,0,0,1,0,1.0
2021-01-28,3,1.0,1.0,0,17166.29,19698.71,22802.57,1490.57,2139.14,1792.43,pre-vax,early-vaccine,1,0,0,0,0,0,0,0,0,0,0,0,0,1,0,1.0
2021-01-29,4,1.0,1.0,0,17230.71,18799.57,22871.71,1390.29,2047.43,2051.0,pre-vax,early-vaccine,1,0,0,0,0,0,0,0,0,0,0,0,0,1,0,1.0
2021-01-30,5,1.0,1.0,0,17206.86,18173.0,22982.57,1452.71,1882.29,2270.86,pre-vax,early-vaccine,1,0,0,0,0,0,1,0,0,0,0,0,0,1,0,1.0
2021-01-31,6,0.0,0.0,0,17873.0,17494.0,22758.57,1875.43,1638.71,2148.0,pre-vax,early-vaccine,1,0,0,0,0,0,1,0,0,0,0,0,0,1,0,0.0
2021-02-01,0,0.0,0.0,0,17873.0,18809.29,20967.71,1917.43,1753.14,2104.57,pre-vax,early-vaccine,1,0,0,0,0,0,0,0,0,0,0,0,0,1,0,0.0
2021-02-02,1,1.0,1.0,0,17560.0,18627.43,20203.71,1980.14,1528.29,2117.71,pre-vax,early-vaccine,1,0,0,0,0,0,0,0,0,0,0,0,0,1,0,1.0
2021-02-03,2,1.0,1.0,0,17184.29,17447.29,20903.57,1933.14,1598.43,2042.29,pre-vax,early-vaccine,1,0,0,0,0,0,0,0,0,0,0,0,0,1,0,1.0
2021-02-04,3,1.0,1.0,0,16302.43,17166.29,19698.71,1805.71,1490.57,2139.14,pre-vax,early-vaccine,1,0,0,0,0,0,0,0,0,0,0,0,0,1,0,1.0
2021-02-05,4,1.0,1.0,0,15570.43,17230.71,18799.57,1831.29,1390.29,2047.43,pre-vax,early-vaccine,1,0,0,0,0,0,0,0,0,0,0,0,0,1,0,1.0
2021-02-06,5,1.0,1.0,0,14110.57,17206.86,18173.0,1617.57,1452.71,1882.29,pre-vax,early-vaccine,1,0,0,0,0,0,1,0,0,0,0,0,0,1,0,1.0
2021-02-07,6,,0.0,1,13220.43,17873.0,17494.0,1435.29,1875.43,1638.71,pre-vax,early-vaccine,1,0,0,0,0,0,1,0,0,0,0,0,0,1,0,0.0
2021-02-08,0,0.0,0.0,0,13007.14,17873.0,18809.29,1129.43,1917.43,1753.14,pre-vax,early-vaccine,1,0,0,0,0,0,0,0,0,0,0,0,0,1,0,0.0
2021-02-09,1,1.0,1.0,0,12294.57,17560.0,18627.43,1142.0,1980.14,1528.29,pre-vax,early-vaccine,1,0,0,0,0,0,0,0,0,0,0,0,0,1,0,1.0
2021-02-10,2,1.0,1.0,0,11597.43,17184.29,17447.29,1091.71,1933.14,1598.43,pre-vax,early-vaccine,1,0,0,0,0,0,0,0,0,0,0,0,0,1,0,1.0
2021-02-11,3,1.0,1.0,0,11355.0,16302.43,17166.29,1097.71,1805.71,1490.57,pre-vax,early-vaccine,1,0,0,0,0,0,0,0,0,0,0,0,0,1,0,1.0
2021-02-12,4,1.0,1.0,0,11056.43,15570.43,17230.71,953.71,1831.29,1390.29,pre-vax,early-vaccine,1,0,0,0,0,0,0,0,0,0,0,0,0,1,0,1.0
2021-02-13,5,1.0,1.0,0,10986.0,14110.57,17206.86,962.14,1617.57,1452.71,pre-vax,early-vaccine,1,0,0,0,0,0,1,0,0,0,0,0,0,1,0,1.0
2021-02-14,6,1.0,1.0,0,10553.43,13220.43,17873.0,962.14,1435.29,1875.43,during,early-vaccine,1,0,0,0,0,0,1,0,0,0,1,0,0,0,0,1.0
2021-02-15,0,0.0,0.0,0,9416.14,13007.14,17873.0,962.14,1129.43,1917.43,during,early-vaccine,1,0,0,0,0,0,0,0,1,1,1,0,0,0,0,0.0
2021-02-16,1,1.0,1.0,0,8044.43,12294.57,17560.0,962.14,1142.0,1980.14,during,early-vaccine,1,0,0,0,0,0,0,0,0,0,1,0,0,0,0,1.0
2021-02-17,2,1.0,1.0,0,6816.29,11597.43,17184.29,962.14,1091.71,1933.14,during,early-vaccine,1,0,0,0,0,0,0,0,0,0,1,0,0,0,0,1.0
2021-02-18,3,1.0,1.0,0,5456.0,11355.0,16302.43,962.14,1097.71,1805.71,during,early-vaccine,1,0,0,0,0,0,0,0,0,0,1,0,0,0,0,1.0
2021-02-19,4,1.0,1.0,0,4543.57,11056.43,15570.43,962.14,953.71,1831.29,during,early-vaccine,1,0,0,0,0,0,0,0,0,0,1,0,0,0,0,1.0
2021-02-20,5,1.0,1.0,0,4186.43,10986.0,14110.57,316.71,962.14,1617.57,during,early-vaccine,1,0,0,0,0,0,1,0,0,0,1,0,0,0,0,1.0
2021-02-21,6,0.0,0.0,0,4455.43,10553.43,13220.43,714.38,962.14,1435.29,during,early-vaccine,1,0,0,0,0,0,1,0,0,0,1,0,0,0,0,0.0
2021-02-22,0,0.0,0.0,0,5085.29,9416.14,13007.14,660.56,962.14,1129.43,during,early-vaccine,1,0,0,0,0,0,0,0,0,0,1,0,0,0,0,0.0
2021-02-23,1,1.0,1.0,0,6033.43,8044.43,12294.57,621.5,962.14,1142.0,during,early-vaccine,1,0,0,0,0,0,0,0,0,0,1,0,0,0,0,1.0
2021-02-24,2,1.0,1.0,0,6477.57,6816.29,11597.43,598.73,962.14,1091.71,during,early-vaccine,1,0,0,0,0,0,0,0,0,0,1,0,0,0,0,1.0
2021-02-25,3,1.0,1.0,0,7257.14,5456.0,11355.0,582.5,962.14,1097.71,during,early-vaccine,1,0,0,0,0,0,0,0,0,0,1,0,0,0,0,1.0
2021-02-26,4,1.0,1.0,0,7969.14,4543.57,11056.43,576.23,962.14,953.71,during,early-vaccine,1,0,0,0,0,0,0,0,0,0,1,0,0,0,0,1.0
2021-02-27,5,1.0,1.0,0,7956.0,4186.43,10986.0,822.29,316.71,962.14,during,early-vaccine,1,0,0,0,0,0,1,0,0,0,1,0,0,0,0,1.0
2021-02-28,6,1.0,1.0,0,7557.71,4455.43,10553.43,438.14,714.38,962.14,during,early-vaccine,1,0,0,0,0,0,1,0,0,0,1,0,0,0,0,1.0
2021-03-01,0,0.0,0.0,0,7668.43,5085.29,9416.14,446.43,660.56,962.14,during,early-vaccine,1,0,0,0,0,0,0,0,0,0,1,0,0,0,0,0.0
2021-03-02,1,1.0,1.0,0,7227.0,6033.43,8044.43,443.43,621.5,962.14,during,early-vaccine,1,0,0,0,0,0,0,0,0,0,1,0,0,0,0,1.0
2021-03-03,2,1.0,1.0,0,7220.29,6477.57,6816.29,417.57,598.73,962.14,during,early-vaccine,1,0,0,0,0,0,0,0,0,0,1,0,0,0,0,1.0
2021-03-04,3,1.0,1.0,0,7179.0,7257.14,5456.0,394.43,582.5,962.14,during,early-vaccine,1,0,0,0,0,0,0,0,0,0,1,0,0,0,0,1.0
2021-03-05,4,1.0,1.0,0,6417.86,7969.14,4543.57,363.86,576.23,962.14,during,early-vaccine,1,0,0,0,0,0,0,0,0,0,1,0,0,0,0,1.0
2021-03-06,5,1.0,1.0,0,6157.71,7956.0,4186.43,314.57,822.29,316.71,during,early-vaccine,1,0,0,0,0,0,1,0,0,0,1,0,0,0,0,1.0
2021-03-07,6,0.0,0.0,0,6041.43,7557.71,4455.43,291.43,438.14,714.38,during,early-vaccine,1,0,0,0,0,0,1,0,0,0,1,0,0,0,0,0.0
2021-03-08,0,0.0,0.0,0,5449.14,7668.43,5085.29,283.14,446.43,660.56,during,early-vaccine,1,0,0,0,0,0,0,0,0,0,1,0,0,0,0,0.0
2021-03-09,1,1.0,1.0,0,5192.43,7227.0,6033.43,272.0,443.43,621.5,during,early-vaccine,1,0,0,0,0,0,0,0,0,0,1,0,0,0,0,1.0
2021-03-10,2,1.0,1.0,0,4874.14,7220.29,6477.57,258.57,417.57,598.73,during,early-vaccine,1,0,0,0,0,0,0,0,0,0,1,0,0,0,0,1.0
2021-03-11,3,1.0,1.0,0,4678.57,7179.0,7257.14,276.29,394.43,582.5,during,early-vaccine,1,0,0,0,0,0,0,0,0,0,1,0,0,0,0,1.0
2021-03-12,4,1.0,1.0,0,4627.71,6417.86,7969.14,257.86,363.86,576.23,during,early-vaccine,1,0,0,0,0,0,0,0,0,0,1,0,0,0,0,1.0
2021-03-13,5,1.0,1.0,0,4520.86,6157.71,7956.0,250.29,314.57,822.29,during,early-vaccine,1,0,0,0,0,0,1,0,0,0,1,0,0,0,0,1.0
2021-03-14,6,0.0,0.0,0,4510.0,6041.43,7557.71,299.43,291.43,438.14,during,early-vaccine,1,0,0,0,0,0,1,0,0,0,1,0,0,0,0,0.0
2021-03-15,0,0.0,0.0,0,4609.43,5449.14,7668.43,288.57,283.14,446.43,during,early-vaccine,1,0,0,0,0,0,0,0,0,0,1,0,0,0,0,0.0
2021-03-16,1,1.0,1.0,0,4672.71,5192.43,7227.0,291.57,272.0,443.43,during,early-vaccine,1,0,0,0,0,0,0,0,0,0,1,0,0,0,0,1.0
2021-03-17,2,1.0,1.0,0,4561.29,4874.14,7220.29,304.43,258.57,417.57,during,early-vaccine,1,0,0,0,0,0,0,0,0,0,1,0,0,0,0,1.0
2021-03-18,3,1.0,1.0,0,4167.43,4678.57,7179.0,263.14,276.29,394.43,during,early-vaccine,1,0,0,0,0,0,0,0,0,0,1,0,0,0,0,1.0
2021-03-19,4,1.0,1.0,0,3981.0,4627.71,6417.86,260.29,257.86,363.86,during,early-vaccine,1,0,0,0,0,0,0,0,0,0,1,0,0,0,0,1.0
2021-03-20,5,1.0,1.0,0,3924.86,4520.86,6157.71,288.43,250.29,314.57,during,early-vaccine,1,0,0,0,0,0,1,0,0,0,1,0,0,0,0,1.0
2021-03-21,6,1.0,1.0,0,3867.0,4510.0,6041.43,269.43,299.43,291.43,during,early-vaccine,1,0,0,0,0,0,1,0,0,0,1,0,0,0,0,1.0
2021-03-22,0,0.0,0.0,0,3688.71,4609.43,5449.14,271.14,288.57,283.14,during,early-vaccine,1,0,0,0,0,0,0,0,0,0,1,0,0,0,0,0.0
2021-03-23,1,1.0,1.0,0,3478.71,4672.71,5192.43,262.71,291.57,272.0,during,early-vaccine,1,0,0,0,0,0,0,0,0,0,1,0,0,0,0,1.0
2021-03-24,2,1.0,1.0,0,3371.29,4561.29,4874.14,255.0,304.43,258.57,during,early-vaccine,1,0,0,0,0,0,0,0,0,0,1,0,0,0,0,1.0
2021-03-25,3,1.0,1.0,0,3371.29,4167.43,4678.57,274.0,263.14,276.29,during,early-vaccine,1,0,0,0,0,0,0,0,0,0,1,0,0,0,0,1.0
2021-03-26,4,1.0,1.0,0,3443.14,3981.0,4627.71,279.86,260.29,257.86,during,early-vaccine,1,0,0,0,0,0,0,0,0,0,1,0,0,0,0,1.0
2021-03-27,5,1.0,1.0,0,3326.0,3924.86,4520.86,261.57,288.43,250.29,during,early-vaccine,1,0,0,0,0,0,1,0,0,0,1,0,0,0,0,1.0
2021-03-28,6,0.0,0.0,0,3399.86,3867.0,4510.0,364.14,269.43,299.43,during,early-vaccine,1,0,0,0,0,0,1,0,0,0,1,0,0,0,0,0.0
2021-03-29,0,0.0,0.0,0,3712.14,3688.71,4609.43,363.14,271.14,288.57,during,early-vaccine,1,0,0,0,0,0,0,0,0,0,1,0,0,0,0,0.0
2021-03-30,1,1.0,1.0,0,3711.86,3478.71,4672.71,365.29,262.71,291.57,during,early-vaccine,1,0,0,0,0,0,0,0,0,0,1,0,0,0,0,1.0
2021-03-31,2,1.0,1.0,0,3671.29,3371.29,4561.29,363.86,255.0,304.43,during,early-vaccine,1,0,0,0,0,0,0,0,0,0,1,0,0,0,0,1.0
2021-04-01,3,1.0,1.0,0,3652.14,3371.29,4167.43,369.43,274.0,263.14,during,early-vaccine,1,0,0,0,0,0,0,0,0,0,1,0,0,0,0,1.0
2021-04-02,4,1.0,1.0,0,3381.71,3443.14,3981.0,369.43,279.86,260.29,during,early-vaccine,1,0,0,0,0,0,0,0,0,0,1,0,0,0,0,1.0
2021-04-03,5,1.0,1.0,0,3182.0,3326.0,3924.86,369.43,261.57,288.43,during,early-vaccine,1,0,0,0,0,0,1,0,0,0,1,0,0,0,0,1.0
2021-04-04,6,0.0,0.0,0,2900.57,3399.86,3867.0,369.43,364.14,269.43,during,early-vaccine,1,0,0,0,0,0,1,0,0,0,1,0,0,0,0,0.0
2021-04-05,0,0.0,0.0,0,2964.43,3712.14,3688.71,384.43,363.14,271.14,during,early-vaccine,1,0,0,0,0,0,0,0,0,0,1,0,0,0,0,0.0
2021-04-06,1,1.0,1.0,0,3077.57,3711.86,3478.71,395.14,365.29,262.71,during,early-vaccine,1,0,0,0,0,0,0,0,0,0,1,0,0,0,0,1.0
2021-04-07,2,1.0,1.0,0,3055.0,3671.29,3371.29,419.14,363.86,255.0,during,early-vaccine,1,0,0,0,0,0,0,0,0,0,1,0,0,0,0,1.0
2021-04-08,3,1.0,1.0,0,3173.43,3652.14,3371.29,404.14,369.43,274.0,during,early-vaccine,1,0,0,0,0,0,0,0,0,0,1,0,0,0,0,1.0
2021-04-09,4,1.0,1.0,0,3349.43,3381.71,3443.14,384.38,369.43,279.86,during,early-vaccine,1,0,0,0,0,0,0,0,0,0,1,0,0,0,0,1.0
2021-04-10,5,1.0,1.0,0,3457.71,3182.0,3326.0,384.38,369.43,261.57,during,early-vaccine,1,0,0,0,0,0,1,0,0,0,1,0,0,0,0,1.0
2021-04-11,6,0.0,0.0,0,3521.71,2900.57,3399.86,384.38,369.43,364.14,during,early-vaccine,1,0,0,0,0,0,1,0,0,0,1,0,0,0,0,0.0
2021-04-12,0,0.0,0.0,0,3608.86,2964.43,3712.14,406.71,384.43,363.14,during,early-vaccine,1,0,0,0,0,0,0,0,0,0,1,0,0,0,0,0.0
2021-04-13,1,1.0,1.0,0,3696.71,3077.57,3711.86,413.86,395.14,365.29,during,early-vaccine,1,0,0,0,0,0,0,0,0,0,1,0,0,0,0,1.0
2021-04-14,2,1.0,1.0,0,3651.29,3055.0,3671.29,408.43,419.14,363.86,during,early-vaccine,1,0,0,0,0,0,0,0,0,0,1,0,0,0,0,1.0
2021-04-15,3,1.0,1.0,0,3485.43,3173.43,3652.14,398.71,404.14,369.43,during,early-vaccine,1,0,0,0,0,0,0,0,0,0,1,0,0,0,0,1.0
2021-04-16,4,1.0,1.0,0,3453.0,3349.43,3381.71,367.14,384.38,369.43,during,early-vaccine,1,0,0,0,0,0,0,0,0,0,1,0,0,0,0,1.0
2021-04-17,5,1.0,1.0,0,3363.29,3457.71,3182.0,367.14,384.38,369.43,during,early-vaccine,1,0,0,0,0,0,1,0,0,0,1,0,0,0,0,1.0
2021-04-18,6,0.0,0.0,0,3362.0,3521.71,2900.57,367.14,384.38,369.43,during,early-vaccine,1,0,0,0,0,0,1,0,0,0,1,0,0,0,0,0.0
2021-04-19,0,0.0,0.0,0,3239.86,3608.86,2964.43,411.57,406.71,384.43,during,early-vaccine,1,0,0,0,0,0,0,0,0,0,1,0,0,0,0,0.0
2021-04-20,1,1.0,1.0,0,3223.57,3696.71,3077.57,428.86,413.86,395.14,during,early-vaccine,1,0,0,0,0,0,0,0,0,0,1,0,0,0,0,1.0
2021-04-21,2,1.0,1.0,0,3289.57,3651.29,3055.0,437.29,408.43,419.14,during,early-vaccine,1,0,0,0,0,0,0,0,0,0,1,0,0,0,0,1.0
2021-04-22,3,1.0,1.0,0,3339.86,3485.43,3173.43,462.0,398.71,404.14,during,early-vaccine,1,0,0,0,0,0,0,0,0,0,1,0,0,0,0,1.0
2021-04-23,4,1.0,1.0,0,3283.14,3453.0,3349.43,468.14,367.14,384.38,during,early-vaccine,1,0,0,0,0,0,0,0,0,0,1,0,0,0,0,1.0
2021-04-24,5,1.0,1.0,0,3308.86,3363.29,3457.71,468.14,367.14,384.38,during,early-vaccine,1,0,0,0,0,0,1,0,0,0,1,0,0,0,0,1.0
2021-04-25,6,1.0,1.0,0,3314.71,3362.0,3521.71,468.14,367.14,384.38,during,early-vaccine,1,0,0,0,0,0,1,0,0,0,1,0,0,0,0,1.0
2021-04-26,0,0.0,0.0,0,3271.86,3239.86,3608.86,380.29,411.57,406.71,during,early-vaccine,1,0,0,0,0,0,0,0,0,0,1,0,0,0,0,0.0
2021-04-27,1,1.0,1.0,0,3134.86,3223.57,3696.71,343.57,428.86,413.86,during,early-vaccine,1,0,0,0,0,0,0,0,0,0,1,0,0,0,0,1.0
2021-04-28,2,1.0,1.0,0,3145.29,3289.57,3651.29,356.57,437.29,408.43,during,early-vaccine,1,0,0,0,0,0,0,0,0,0,1,0,0,0,0,1.0
2021-04-29,3,1.0,1.0,0,3127.57,3339.86,3485.43,369.71,462.0,398.71,during,early-vaccine,1,0,0,0,0,0,0,0,0,0,1,0,0,0,0,1.0
2021-04-30,4,1.0,1.0,0,3280.29,3283.14,3453.0,398.14,468.14,367.14,during,post-vaccine,0,0,0,1,0,0,0,0,0,0,1,0,0,0,0,1.0
2021-05-01,5,1.0,1.0,0,3284.14,3308.86,3363.29,398.14,468.14,367.14,during,post-vaccine,0,0,0,1,0,0,1,0,0,0,1,0,0,0,0,1.0
2021-05-02,6,0.0,0.0,0,3249.86,3314.71,3362.0,398.14,468.14,367.14,during,post-vaccine,0,0,0,1,0,0,1,0,0,0,1,0,0,0,0,0.0
2021-05-03,0,0.0,0.0,0,3208.43,3271.86,3239.86,315.43,380.29,411.57,during,post-vaccine,0,0,0,1,0,0,0,0,0,0,1,0,0,0,0,0.0
2021-05-04,1,1.0,1.0,0,3066.57,3134.86,3223.57,319.43,343.57,428.86,during,post-vaccine,0,0,0,1,0,0,0,0,0,0,1,0,0,0,0,1.0
2021-05-05,2,1.0,1.0,0,2797.86,3145.29,3289.57,277.29,356.57,437.29,during,post-vaccine,0,0,0,1,0,0,0,0,0,0,1,0,0,0,0,1.0
2021-05-06,3,1.0,1.0,0,2661.71,3127.57,3339.86,255.57,369.71,462.0,during,post-vaccine,0,0,0,1,0,0,0,0,0,0,1,0,0,0,0,1.0
2021-05-07,4,1.0,1.0,0,2547.43,3280.29,3283.14,233.57,398.14,468.14,during,post-vaccine,0,0,0,1,0,0,0,0,0,0,1,0,0,0,0,1.0
2021-05-08,5,1.0,1.0,0,2462.14,3284.14,3308.86,233.57,398.14,468.14,during,post-vaccine,0,0,0,1,0,0,1,0,0,0,1,0,0,0,0,1.0
2021-05-09,6,1.0,1.0,0,2463.71,3249.86,3314.71,233.57,398.14,468.14,during,post-vaccine,0,0,0,1,0,0,1,0,0,0,1,0,0,0,0,1.0
2021-05-10,0,0.0,0.0,0,2257.86,3208.43,3271.86,197.43,315.43,380.29,during,post-vaccine,0,0,0,1,0,0,0,0,0,0,1,0,0,0,0,0.0
2021-05-11,1,0.0,0.0,0,2282.0,3066.57,3134.86,191.71,319.43,343.57,during,post-vaccine,0,0,0,1,0,0,0,0,0,0,1,0,0,0,0,0.0
2021-05-12,2,0.0,0.0,0,2309.29,2797.86,3145.29,204.71,277.29,356.57,during,post-vaccine,0,0,0,1,0,0,0,0,0,0,1,0,0,0,0,0.0
2021-05-13,3,0.0,0.0,0,2257.57,2661.71,3127.57,215.57,255.57,369.71,during,post-vaccine,0,0,0,1,0,0,0,0,0,0,1,0,0,0,0,0.0
2021-05-14,4,0.0,0.0,0,2193.43,2547.43,3280.29,213.71,233.57,398.14,during,post-vaccine,0,0,0,1,0,0,0,0,0,0,1,0,0,0,0,0.0
2021-05-15,5,0.0,0.0,0,2146.29,2462.14,3284.14,213.71,233.57,398.14,during,post-vaccine,0,0,0,1,0,0,1,0,0,0,1,0,0,0,0,0.0
2021-05-16,6,0.0,0.0,0,2062.57,2463.71,3249.86,213.71,233.57,398.14,during,post-vaccine,0,0,0,1,0,0,1,0,0,0,1,0,0,0,0,0.0
2021-05-17,0,0.0,0.0,0,1984.57,2257.86,3208.43,178.43,197.43,315.43,during,post-vaccine,0,0,0,1,0,0,0,0,0,0,1,0,0,0,0,0.0
2021-05-18,1,1.0,1.0,0,2057.71,2282.0,3066.57,183.29,191.71,319.43,during,post-vaccine,0,0,0,1,0,0,0,0,0,0,1,0,0,0,0,1.0
2021-05-19,2,1.0,1.0,0,1980.29,2309.29,2797.86,176.14,204.71,277.29,during,post-vaccine,0,0,0,1,0,0,0,0,0,0,1,0,0,0,0,1.0
2021-05-20,3,1.0,1.0,0,1901.43,2257.57,2661.71,155.14,215.57,255.57,during,post-vaccine,0,0,0,1,0,0,0,0,0,0,1,0,0,0,0,1.0
2021-05-21,4,1.0,1.0,0,1774.14,2193.43,2547.43,149.57,213.71,233.57,during,post-vaccine,0,0,0,1,0,0,0,0,0,0,1,0,0,0,0,1.0
2021-05-22,5,1.0,1.0,0,1754.71,2146.29,2462.14,149.57,213.71,233.57,during,post-vaccine,0,0,0,1,0,0,1,0,0,0,1,0,0,0,0,1.0
2021-05-23,6,0.0,0.0,0,1766.57,2062.57,2463.71,149.57,213.71,233.57,during,post-vaccine,0,0,0,1,0,0,1,0,0,0,1,0,0,0,0,0.0
2021-05-24,0,0.0,0.0,0,1872.86,1984.57,2257.86,178.71,178.43,197.43,during,post-vaccine,0,0,0,1,0,0,0,0,0,0,1,0,0,0,0,0.0
2021-05-25,1,1.0,1.0,0,1743.14,2057.71,2282.0,176.29,183.29,191.71,during,post-vaccine,0,0,0,1,0,0,0,0,0,0,1,0,0,0,0,1.0
2021-05-26,2,1.0,1.0,0,1704.29,1980.29,2309.29,157.29,176.14,204.71,during,post-vaccine,0,0,0,1,0,0,0,0,0,0,1,0,0,0,0,1.0
2021-05-27,3,1.0,1.0,0,1711.86,1901.43,2257.57,165.29,155.14,215.57,during,post-vaccine,0,0,0,1,0,0,0,0,0,0,1,0,0,0,0,1.0
2021-05-28,4,1.0,1.0,0,1727.57,1774.14,2193.43,176.29,149.57,213.71,during,post-vaccine,0,0,0,1,0,0,0,0,0,0,1,0,0,0,0,1.0
2021-05-29,5,0.0,0.0,0,1687.0,1754.71,2146.29,176.29,149.57,213.71,during,post-vaccine,0,0,0,1,0,0,1,0,0,0,1,0,0,0,0,0.0
2021-05-30,6,0.0,0.0,0,1603.71,1766.57,2062.57,176.29,149.57,213.71,during,post-vaccine,0,0,0,1,0,0,1,0,0,0,1,0,0,0,0,0.0
2021-05-31,0,0.0,0.0,0,1216.71,1872.86,1984.57,176.29,178.71,178.43,during,post-vaccine,0,0,0,1,0,0,0,0,1,1,1,0,0,0,0,0.0
2021-06-01,1,1.0,1.0,0,957.0,1743.14,2057.71,176.29,176.29,183.29,during,post-vaccine,0,0,0,1,0,0,0,0,0,0,1,0,0,0,0,1.0
2021-06-02,2,1.0,1.0,0,1060.29,1704.29,1980.29,176.29,157.29,176.14,during,post-vaccine,0,0,0,1,0,0,0,0,0,0,1,0,0,0,0,1.0
2021-06-03,3,1.0,1.0,0,1255.57,1711.86,1901.43,189.14,165.29,155.14,during,post-vaccine,0,0,0,1,0,0,0,0,0,0,1,0,0,0,0,1.0
2021-06-04,4,1.0,1.0,0,1253.14,1727.57,1774.14,183.86,176.29,149.57,during,post-vaccine,0,0,0,1,0,0,0,0,0,0,1,0,0,0,0,1.0
2021-06-05,5,0.0,0.0,0,1343.0,1687.0,1754.71,183.86,176.29,149.57,during,post-vaccine,0,0,0,1,0,0,1,0,0,0,1,0,0,0,0,0.0
2021-06-06,6,0.0,0.0,0,1409.43,1603.71,1766.57,183.86,176.29,149.57,during,post-vaccine,0,0,0,1,0,0,1,0,0,0,1,0,0,0,0,0.0
2021-06-07,0,0.0,0.0,0,1504.57,1216.71,1872.86,183.86,176.29,178.71,during,post-vaccine,0,0,0,1,0,0,0,0,0,0,1,0,0,0,0,0.0
2021-06-08,1,1.0,1.0,0,1667.86,957.0,1743.14,183.86,176.29,176.29,during,post-vaccine,0,0,0,1,0,0,0,0,0,0,1,0,0,0,0,1.0
2021-06-09,2,1.0,1.0,0,1667.86,1060.29,1704.29,147.42,176.29,157.29,during,post-vaccine,0,0,0,1,0,0,0,0,0,0,1,0,0,0,0,1.0
2021-06-10,3,1.0,1.0,0,1597.29,1255.57,1711.86,147.42,189.14,165.29,during,post-vaccine,0,0,0,1,0,0,0,0,0,0,1,0,0,0,0,1.0
2021-06-11,4,1.0,1.0,0,1316.43,1253.14,1727.57,147.42,183.86,176.29,during,post-vaccine,0,0,0,1,0,0,0,0,0,0,1,0,0,0,0,1.0
2021-06-12,5,1.0,1.0,0,1200.29,1343.0,1687.0,147.42,183.86,176.29,during,post-vaccine,0,0,0,1,0,0,1,0,0,0,1,0,0,0,0,1.0
2021-06-13,6,0.0,0.0,0,1075.86,1409.43,1603.71,147.42,183.86,176.29,during,post-vaccine,0,0,0,1,0,0,1,0,0,0,1,0,0,0,0,0.0
2021-06-14,0,0.0,0.0,0,1112.0,1504.57,1216.71,147.42,183.86,176.29,during,post-vaccine,0,0,0,1,0,0,0,0,0,0,1,0,0,0,0,0.0
2021-06-15,1,1.0,1.0,0,1149.43,1667.86,957.0,147.42,183.86,176.29,during,post-vaccine,0,0,0,1,0,0,0,0,0,0,1,0,0,0,0,1.0
2021-06-16,2,1.0,1.0,0,1207.86,1667.86,1060.29,125.71,147.42,176.29,during,post-vaccine,0,0,0,1,0,0,0,0,0,0,1,0,0,0,0,1.0
2021-06-17,3,1.0,1.0,0,1055.0,1597.29,1255.57,125.71,147.42,189.14,during,post-vaccine,0,0,0,1,0,0,0,0,0,0,1,0,0,0,0,1.0
2021-06-18,4,1.0,1.0,0,1046.86,1316.43,1253.14,125.71,147.42,183.86,during,post-vaccine,0,0,0,1,0,0,0,0,1,1,1,0,0,0,0,1.0
2021-06-19,5,0.0,0.0,0,1174.86,1200.29,1343.0,125.71,147.42,183.86,during,post-vaccine,0,0,0,1,0,0,1,0,0,0,1,0,0,0,0,0.0
2021-06-20,6,0.0,0.0,0,1167.71,1075.86,1409.43,125.71,147.42,183.86,during,post-vaccine,0,0,0,1,0,0,1,0,0,0,1,0,0,0,0,0.0
2021-06-21,0,0.0,0.0,0,1134.86,1112.0,1504.57,125.71,147.42,183.86,during,post-vaccine,0,0,0,1,0,0,0,0,0,0,1,0,0,0,0,0.0
2021-06-22,1,1.0,1.0,0,1250.43,1149.43,1667.86,125.71,147.42,183.86,during,post-vaccine,0,0,0,1,0,0,0,0,0,0,1,0,0,0,0,1.0
2021-06-23,2,1.0,1.0,0,1090.71,1207.86,1667.86,122.43,125.71,147.42,during,post-vaccine,0,0,0,1,0,0,0,0,0,0,1,0,0,0,0,1.0
2021-06-24,3,0.0,0.0,0,1218.57,1055.0,1597.29,122.43,125.71,147.42,during,post-vaccine,0,0,0,1,0,0,0,0,0,0,1,0,0,0,0,0.0
2021-06-25,4,1.0,1.0,0,1304.71,1046.86,1316.43,122.43,125.71,147.42,during,post-vaccine,0,0,0,1,0,0,0,0,0,0,1,0,0,0,0,1.0
2021-06-26,5,1.0,1.0,0,1273.43,1174.86,1200.29,122.43,125.71,147.42,during,post-vaccine,0,0,0,1,0,0,1,0,0,0,1,0,0,0,0,1.0
2021-06-27,6,0.0,0.0,0,1245.29,1167.71,1075.86,122.43,125.71,147.42,during,post-vaccine,0,0,0,1,0,0,1,0,0,0,1,0,0,0,0,0.0
2021-06-28,0,0.0,0.0,0,1275.43,1134.86,1112.0,122.43,125.71,147.42,during,post-vaccine,0,0,0,1,0,0,0,0,0,0,1,0,0,0,0,0.0
2021-06-29,1,1.0,1.0,0,1251.86,1250.43,1149.43,122.43,125.71,147.42,during,post-vaccine,0,0,0,1,0,0,0,0,0,0,1,0,0,0,0,1.0
2021-06-30,2,1.0,1.0,0,1516.14,1090.71,1207.86,152.86,122.43,125.71,during,post-vaccine,0,0,0,1,0,0,0,0,0,0,1,0,0,0,0,1.0
2021-07-01,3,1.0,1.0,0,1463.57,1218.57,1055.0,152.86,122.43,125.71,during,post-vaccine,0,0,0,1,0,0,0,0,0,0,1,0,0,0,0,1.0
2021-07-02,4,1.0,1.0,0,1491.29,1304.71,1046.86,152.86,122.43,125.71,during,post-vaccine,0,0,0,1,0,0,0,0,0,0,1,0,0,0,0,1.0
2021-07-03,5,1.0,1.0,0,1452.57,1273.43,1174.86,152.86,122.43,125.71,during,post-vaccine,0,0,0,1,0,0,1,0,0,0,1,0,0,0,0,1.0
2021-07-04,6,0.0,0.0,0,1458.71,1245.29,1167.71,152.86,122.43,125.71,during,post-vaccine,0,0,0,1,0,0,1,0,0,0,1,0,0,0,0,0.0
2021-07-05,0,0.0,0.0,0,1412.0,1275.43,1134.86,152.86,122.43,125.71,during,post-vaccine,0,0,0,1,0,0,0,0,1,1,1,0,0,0,0,0.0
2021-07-06,1,1.0,1.0,0,1332.86,1251.86,1250.43,152.86,122.43,125.71,during,post-vaccine,0,0,0,1,0,0,0,0,0,0,1,0,0,0,0,1.0
2021-07-07,2,1.0,1.0,0,1486.29,1516.14,1090.71,166.29,152.86,122.43,during,post-vaccine,0,0,0,1,0,0,0,0,0,0,1,0,0,0,0,1.0
2021-07-08,3,1.0,1.0,0,1635.86,1463.57,1218.57,166.29,152.86,122.43,during,post-vaccine,0,0,0,1,0,0,0,0,0,0,1,0,0,0,0,1.0
2021-07-09,4,1.0,1.0,0,1710.43,1491.29,1304.71,166.29,152.86,122.43,during,post-vaccine,0,0,0,1,0,0,0,0,0,0,1,0,0,0,0,1.0
2021-07-10,5,1.0,1.0,0,1762.86,1452.57,1273.43,166.29,152.86,122.43,during,post-vaccine,0,0,0,1,0,0,1,0,0,0,1,0,0,0,0,1.0
2021-07-11,6,,0.0,1,1793.0,1458.71,1245.29,166.29,152.86,122.43,during,post-vaccine,0,0,0,1,0,0,1,0,0,0,1,0,0,0,0,0.0
2021-07-12,0,0.0,0.0,0,1975.43,1412.0,1275.43,166.29,152.86,122.43,during,post-vaccine,0,0,0,1,0,0,0,0,0,0,1,0,0,0,0,0.0
2021-07-13,1,1.0,1.0,0,2569.86,1332.86,1251.86,166.29,152.86,122.43,during,post-vaccine,0,0,0,1,0,0,0,0,0,0,1,0,0,0,0,1.0
2021-07-14,2,1.0,1.0,0,2671.0,1486.29,1516.14,283.57,166.29,152.86,during,post-vaccine,0,0,0,1,0,0,0,0,0,0,1,0,0,0,0,1.0
2021-07-15,3,1.0,1.0,0,2764.14,1635.86,1463.57,283.57,166.29,152.86,during,post-vaccine,0,0,0,1,0,0,0,0,0,0,1,0,0,0,0,1.0
2021-07-16,4,1.0,1.0,0,3090.14,1710.43,1491.29,283.57,166.29,152.86,during,post-vaccine,0,0,0,1,0,0,0,0,0,0,1,0,0,0,0,1.0
2021-07-17,5,1.0,1.0,0,3238.29,1762.86,1452.57,283.57,166.29,152.86,during,post-vaccine,0,0,0,1,0,0,1,0,0,0,1,0,0,0,0,1.0
2021-07-18,6,0.0,0.0,0,3426.29,1793.0,1458.71,283.57,166.29,152.86,during,post-vaccine,0,0,0,1,0,0,1,0,0,0,1,0,0,0,0,0.0
2021-07-19,0,0.0,0.0,0,3531.86,1975.43,1412.0,283.57,166.29,152.86,during,post-vaccine,0,0,0,1,0,0,0,0,0,0,1,0,0,0,0,0.0
2021-07-20,1,1.0,1.0,0,3453.71,2569.86,1332.86,283.57,166.29,152.86,during,post-vaccine,0,0,0,1,0,0,0,0,0,0,1,0,0,0,0,1.0
2021-07-21,2,1.0,1.0,0,3888.29,2671.0,1486.29,363.43,283.57,166.29,during,post-vaccine,0,0,0,1,0,0,0,0,0,0,1,0,0,0,0,1.0
2021-07-22,3,1.0,1.0,0,4538.14,2764.14,1635.86,363.43,283.57,166.29,during,post-vaccine,0,0,0,1,0,0,0,0,0,0,1,0,0,0,0,1.0
2021-07-23,4,1.0,1.0,0,4842.43,3090.14,1710.43,363.43,283.57,166.29,during,post-vaccine,0,0,0,1,0,0,0,0,0,0,1,0,0,0,0,1.0
2021-07-24,5,1.0,1.0,0,5187.14,3238.29,1762.86,363.43,283.57,166.29,during,post-vaccine,0,0,0,1,0,0,1,0,0,0,1,0,0,0,0,1.0
2021-07-25,6,0.0,0.0,0,5137.43,3426.29,1793.0,363.43,283.57,166.29,during,post-vaccine,0,0,0,1,0,0,1,0,0,0,1,0,0,0,0,0.0
2021-07-26,0,0.0,0.0,0,5529.86,3531.86,1975.43,363.43,283.57,166.29,during,post-vaccine,0,0,0,1,0,0,0,0,0,0,1,0,0,0,0,0.0
2021-07-27,1,1.0,1.0,0,6543.57,3453.71,2569.86,466.08,283.57,166.29,during,post-vaccine,0,0,0,1,0,0,0,0,0,0,1,0,0,0,0,1.0
2021-07-28,2,1.0,1.0,0,6680.57,3888.29,2671.0,466.08,363.43,283.57,during,post-vaccine,0,0,0,1,0,0,0,0,0,0,1,0,0,0,0,1.0
2021-07-29,3,1.0,1.0,0,7811.57,4538.14,2764.14,735.38,363.43,283.57,during,post-vaccine,0,0,0,1,0,0,0,0,0,0,1,0,0,0,0,1.0
2021-07-30,4,1.0,1.0,0,8866.29,4842.43,3090.14,735.38,363.43,283.57,during,post-vaccine,0,0,0,1,0,0,0,0,0,0,1,0,0,0,0,1.0
2021-07-31,5,1.0,1.0,0,8949.86,5187.14,3238.29,735.38,363.43,283.57,during,post-vaccine,0,0,0,1,0,0,1,0,0,0,1,0,0,0,0,1.0
2021-08-01,6,0.0,0.0,0,9228.29,5137.43,3426.29,735.38,363.43,283.57,during,post-vaccine,0,0,0,1,0,0,1,0,0,0,1,0,0,0,0,0.0
2021-08-02,0,0.0,0.0,0,9649.0,5529.86,3531.86,735.38,363.43,283.57,during,post-vaccine,0,0,0,1,0,0,0,0,0,0,1,0,0,0,0,0.0
2021-08-03,1,1.0,1.0,0,10828.14,6543.57,3453.71,1160.0,466.08,283.57,during,post-vaccine,0,0,0,1,0,0,0,0,0,0,1,0,0,0,0,1.0
2021-08-04,2,0.0,0.0,0,11239.57,6680.57,3888.29,1160.0,466.08,363.43,during,post-vaccine,0,0,0,1,0,0,0,0,0,0,1,0,0,0,0,0.0
2021-08-05,3,1.0,1.0,0,11533.71,7811.57,4538.14,1304.86,735.38,363.43,during,post-vaccine,0,0,0,1,0,0,0,0,0,0,1,0,0,0,0,1.0
2021-08-06,4,1.0,1.0,0,11533.71,8866.29,4842.43,1311.0,735.38,363.43,during,post-vaccine,0,0,0,1,0,0,0,0,0,0,1,0,0,0,0,1.0
2021-08-07,5,1.0,1.0,0,11115.14,8949.86,5187.14,1311.0,735.38,363.43,during,post-vaccine,0,0,0,1,0,0,1,0,0,0,1,0,0,0,0,1.0
2021-08-08,6,0.0,0.0,0,10649.57,9228.29,5137.43,1311.0,735.38,363.43,during,post-vaccine,0,0,0,1,0,0,1,0,0,0,1,0,0,0,0,0.0
2021-08-09,0,0.0,0.0,0,11844.57,9649.0,5529.86,1242.64,735.38,363.43,during,post-vaccine,0,0,0,1,0,0,0,0,0,0,1,0,0,0,0,0.0
2021-08-10,1,1.0,1.0,0,13549.43,10828.14,6543.57,1404.43,1160.0,466.08,during,post-vaccine,0,0,0,1,0,0,0,0,0,0,1,0,0,0,0,1.0
2021-08-11,2,1.0,1.0,0,13795.0,11239.57,6680.57,1472.5,1160.0,466.08,during,post-vaccine,0,0,0,1,0,0,0,0,0,0,1,0,0,0,0,1.0
2021-08-12,3,1.0,1.0,0,14015.57,11533.71,7811.57,1372.86,1304.86,735.38,during,post-vaccine,0,0,0,1,0,0,0,0,0,0,1,0,0,0,0,1.0
2021-08-13,4,1.0,1.0,0,14055.86,11533.71,8866.29,1442.57,1311.0,735.38,during,post-vaccine,0,0,0,1,0,0,0,0,0,0,1,0,0,0,0,1.0
2021-08-14,5,1.0,1.0,0,14005.0,11115.14,8949.86,1442.57,1311.0,735.38,during,post-vaccine,0,0,0,1,0,0,1,0,0,0,1,0,0,0,0,1.0
2021-08-15,6,0.0,0.0,0,14515.0,10649.57,9228.29,1442.57,1311.0,735.38,during,post-vaccine,0,0,0,1,0,0,1,0,0,0,1,0,0,0,0,0.0
2021-08-16,0,0.0,0.0,0,14817.57,11844.57,9649.0,1645.57,1242.64,735.38,during,post-vaccine,0,0,0,1,0,0,0,0,0,0,1,0,0,0,0,0.0
2021-08-17,1,1.0,1.0,0,15577.29,13549.43,10828.14,1627.71,1404.43,1160.0,during,post-vaccine,0,0,0,1,0,0,0,0,0,0,1,0,0,0,0,1.0
2021-08-18,2,1.0,1.0,0,15298.86,13795.0,11239.57,1578.29,1472.5,1160.0,during,post-vaccine,0,0,0,1,0,0,0,0,0,0,1,0,0,0,0,1.0
2021-08-19,3,1.0,1.0,0,16067.86,14015.57,11533.71,1596.57,1372.86,1304.86,during,post-vaccine,0,0,0,1,0,0,0,0,0,0,1,0,0,0,0,1.0
2021-08-20,4,1.0,1.0,0,16758.43,14055.86,11533.71,1510.71,1442.57,1311.0,during,post-vaccine,0,0,0,1,0,0,0,0,0,0,1,0,0,0,0,1.0
2021-08-21,5,1.0,1.0,0,17803.0,14005.0,11115.14,1510.71,1442.57,1311.0,during,post-vaccine,0,0,0,1,0,0,1,0,0,0,1,0,0,0,0,1.0
2021-08-22,6,,0.0,1,17508.43,14515.0,10649.57,1510.71,1442.57,1311.0,during,post-vaccine,0,0,0,1,0,0,1,0,0,0,1,0,0,0,0,0.0
2021-08-23,0,,0.0,1,17154.43,14817.57,11844.57,1382.14,1645.57,1242.64,during,post-vaccine,0,0,0,1,0,0,0,0,0,0,1,0,0,0,0,0.0
2021-08-24,1,1.0,1.0,0,16521.29,15577.29,13549.43,1305.71,1627.71,1404.43,during,post-vaccine,0,0,0,1,0,0,0,0,0,0,1,0,0,0,0,1.0
2021-08-25,2,1.0,1.0,0,17022.29,15298.86,13795.0,1257.86,1578.29,1472.5,during,post-vaccine,0,0,0,1,0,0,0,0,0,0,1,0,0,0,0,1.0
2021-08-26,3,1.0,1.0,0,16603.29,16067.86,14015.57,1258.0,1596.57,1372.86,during,post-vaccine,0,0,0,1,0,0,0,0,0,0,1,0,0,0,0,1.0
2021-08-27,4,0.0,0.0,0,16407.71,16758.43,14055.86,1307.86,1510.71,1442.57,during,post-vaccine,0,0,0,1,0,0,0,0,0,0,1,0,0,0,0,0.0
2021-08-28,5,1.0,1.0,0,15314.43,17803.0,14005.0,1307.86,1510.71,1442.57,during,post-vaccine,0,0,0,1,0,0,1,0,0,0,1,0,0,0,0,1.0
2021-08-29,6,0.0,0.0,0,15312.86,17508.43,14515.0,1307.86,1510.71,1442.57,during,post-vaccine,0,0,0,1,0,0,1,0,0,0,1,0,0,0,0,0.0
2021-08-30,0,,0.0,1,16473.86,17154.43,14817.57,1285.14,1382.14,1645.57,during,post-vaccine,0,0,0,1,0,0,0,0,0,0,1,0,0,0,0,0.0
2021-08-31,1,0.0,0.0,0,16629.0,16521.29,15577.29,1229.43,1305.71,1627.71,during,post-vaccine,0,0,0,1,0,0,0,0,0,0,1,0,0,0,0,0.0
2021-09-01,2,0.0,0.0,0,17059.71,17022.29,15298.86,1327.86,1257.86,1578.29,during,post-vaccine,0,0,0,1,0,0,0,0,0,0,1,0,0,0,0,0.0
2021-09-02,3,0.0,0.0,0,17606.29,16603.29,16067.86,1376.43,1258.0,1596.57,during,post-vaccine,0,0,0,1,0,0,0,0,0,0,1,0,0,0,0,0.0
2021-09-03,4,0.0,0.0,0,18394.0,16407.71,16758.43,1287.29,1307.86,1510.71,during,post-vaccine,0,0,0,1,0,0,0,0,0,0,1,0,0,0,0,0.0
2021-09-04,5,1.0,1.0,0,19199.43,15314.43,17803.0,1287.29,1307.86,1510.71,during,post-vaccine,0,0,0,1,0,0,1,0,0,0,1,0,0,0,0,1.0
2021-09-05,6,,0.0,1,19062.43,15312.86,17508.43,1287.29,1307.86,1510.71,during,post-vaccine,0,0,0,1,0,0,1,0,0,0,1,0,0,0,0,0.0
2021-09-06,0,,0.0,1,16952.71,16473.86,17154.43,1287.29,1285.14,1382.14,during,post-vaccine,0,0,0,1,0,0,0,0,1,1,1,0,0,0,0,0.0
2021-09-07,1,1.0,1.0,0,15183.0,16629.0,16521.29,1287.29,1229.43,1305.71,during,post-vaccine,0,0,0,1,0,0,0,0,0,0,1,0,0,0,0,1.0
2021-09-08,2,1.0,1.0,0,17415.86,17059.71,17022.29,1179.71,1327.86,1257.86,during,post-vaccine,0,0,0,1,0,0,0,0,0,0,1,0,0,0,0,1.0
2021-09-09,3,0.0,0.0,0,19213.71,17606.29,16603.29,1220.29,1376.43,1258.0,during,post-vaccine,0,0,0,1,0,0,0,0,0,0,1,0,0,0,0,0.0
2021-09-10,4,0.0,0.0,0,17968.0,18394.0,16407.71,1170.86,1287.29,1307.86,during,post-vaccine,0,0,0,1,0,0,0,0,0,0,1,0,0,0,0,0.0
2021-09-11,5,1.0,1.0,0,17140.57,19199.43,15314.43,1170.86,1287.29,1307.86,during,post-vaccine,0,0,0,1,0,0,1,0,0,0,1,0,0,0,0,1.0
2021-09-12,6,,0.0,1,17081.86,19062.43,15312.86,1170.86,1287.29,1307.86,during,post-vaccine,0,0,0,1,0,0,1,0,0,0,1,0,0,0,0,0.0
2021-09-13,0,,0.0,1,18907.86,16952.71,16473.86,1111.1,1287.29,1285.14,during,post-vaccine,0,0,0,1,0,0,0,0,0,0,1,0,0,0,0,0.0
2021-09-14,1,,1.0,1,20981.86,15183.0,16629.0,1080.55,1287.29,1229.43,during,post-vaccine,0,0,0,1,0,0,0,0,0,0,1,0,0,0,0,1.0
2021-09-15,2,,1.0,1,18222.43,17415.86,17059.71,1061.71,1179.71,1327.86,during,post-vaccine,0,0,0,1,0,0,0,0,0,0,1,0,0,0,0,0.0
2021-09-16,3,0.0,0.0,0,16063.0,19213.71,17606.29,885.86,1220.29,1376.43,during,post-vaccine,0,0,0,1,0,0,0,0,0,0,1,0,0,0,0,0.0
2021-09-17,4,0.0,0.0,0,16110.0,17968.0,18394.0,913.0,1170.86,1287.29,during,post-vaccine,0,0,0,1,0,0,0,0,0,0,1,0,0,0,0,0.0
2021-09-18,5,0.0,0.0,0,15987.0,17140.57,19199.43,913.0,1170.86,1287.29,during,post-vaccine,0,0,0,1,0,0,1,0,0,0,1,0,0,0,0,0.0
2021-09-19,6,,0.0,1,15848.14,17081.86,19062.43,913.0,1170.86,1287.29,during,post-vaccine,0,0,0,1,0,0,1,0,0,0,1,0,0,0,0,0.0
2021-09-20,0,0.0,0.0,0,15063.57,18907.86,16952.71,778.0,1111.1,1287.29,during,post-vaccine,0,0,0,1,0,0,0,0,0,0,1,0,0,0,0,0.0
2021-09-21,1,1.0,1.0,0,13873.86,20981.86,15183.0,716.43,1080.55,1287.29,during,post-vaccine,0,0,0,1,0,0,0,0,0,0,1,0,0,0,0,1.0
2021-09-22,2,1.0,1.0,0,13095.57,18222.43,17415.86,682.57,1061.71,1179.71,during,post-vaccine,0,0,0,1,0,0,0,0,0,0,1,0,0,0,0,1.0
2021-09-23,3,0.0,0.0,0,12196.43,16063.0,19213.71,659.29,885.86,1220.29,during,post-vaccine,0,0,0,1,0,0,0,0,0,0,1,0,0,0,0,0.0
2021-09-24,4,1.0,1.0,0,11959.57,16110.0,17968.0,650.43,913.0,1170.86,during,post-vaccine,0,0,0,1,0,0,0,0,0,0,1,0,0,0,0,1.0
2021-09-25,5,1.0,1.0,0,11430.0,15987.0,17140.57,650.43,913.0,1170.86,during,post-vaccine,0,0,0,1,0,0,1,0,0,0,1,0,0,0,0,1.0
2021-09-26,6,,0.0,1,12065.43,15848.14,17081.86,650.43,913.0,1170.86,during,post-vaccine,0,0,0,1,0,0,1,0,0,0,1,0,0,0,0,0.0
2021-09-27,0,,0.0,1,11844.43,15063.57,18907.86,646.14,778.0,1111.1,during,post-vaccine,0,0,0,1,0,0,0,0,0,0,1,0,0,0,0,0.0
2021-09-28,1,1.0,1.0,0,11593.71,13873.86,20981.86,660.0,716.43,1080.55,during,post-vaccine,0,0,0,1,0,0,0,0,0,0,1,0,0,0,0,1.0
2021-09-29,2,1.0,1.0,0,11160.0,13095.57,18222.43,620.29,682.57,1061.71,during,post-vaccine,0,0,0,1,0,0,0,0,0,0,1,0,0,0,0,1.0
2021-09-30,3,1.0,1.0,0,11044.29,12196.43,16063.0,598.29,659.29,885.86,during,post-vaccine,0,0,0,1,0,0,0,0,0,0,1,0,0,0,0,1.0
2021-10-01,4,1.0,1.0,0,10011.86,11959.57,16110.0,545.14,650.43,913.0,during,post-vaccine,0,0,0,1,0,0,0,0,0,0,1,0,0,0,0,1.0
2021-10-02,5,1.0,1.0,0,10084.0,11430.0,15987.0,545.14,650.43,913.0,during,post-vaccine,0,0,0,1,0,0,1,0,0,0,1,0,0,0,0,1.0
2021-10-03,6,0.0,0.0,0,9392.0,12065.43,15848.14,545.14,650.43,913.0,during,post-vaccine,0,0,0,1,0,0,1,0,0,0,1,0,0,0,0,0.0
2021-10-04,0,,0.0,1,9015.43,11844.43,15063.57,506.86,646.14,778.0,during,post-vaccine,0,0,0,1,0,0,0,0,0,0,1,0,0,0,0,0.0
2021-10-05,1,1.0,1.0,0,8507.43,11593.71,13873.86,506.86,660.0,716.43,during,post-vaccine,0,0,0,1,0,0,0,0,0,0,1,0,0,0,0,1.0
2021-10-06,2,0.0,0.0,0,8288.43,11160.0,13095.57,464.14,620.29,682.57,during,post-vaccine,0,0,0,1,0,0,0,0,0,0,1,0,0,0,0,0.0
2021-10-07,3,1.0,1.0,0,8019.86,11044.29,12196.43,461.14,598.29,659.29,during,post-vaccine,0,0,0,1,0,0,0,0,0,0,1,0,0,0,0,1.0
2021-10-08,4,1.0,1.0,0,7781.57,10011.86,11959.57,449.0,545.14,650.43,during,post-vaccine,0,0,0,1,0,0,0,0,0,0,1,0,0,0,0,1.0
2021-10-09,5,1.0,1.0,0,7588.43,10084.0,11430.0,449.0,545.14,650.43,during,post-vaccine,0,0,0,1,0,0,1,0,0,0,1,0,0,0,0,1.0
2021-10-10,6,0.0,0.0,0,7571.0,9392.0,12065.43,449.0,545.14,650.43,during,post-vaccine,0,0,0,1,0,0,1,0,0,0,1,0,0,0,0,0.0
2021-10-11,0,0.0,0.0,0,7232.43,9015.43,11844.43,377.71,506.86,646.14,during,post-vaccine,0,0,0,1,0,0,0,0,1,1,1,0,0,0,0,0.0
2021-10-12,1,1.0,1.0,0,7104.71,8507.43,11593.71,384.38,506.86,660.0,during,post-vaccine,0,0,0,1,0,0,0,0,0,0,1,0,0,0,0,1.0
2021-10-13,2,0.0,0.0,0,6672.29,8288.43,11160.0,371.57,464.14,620.29,during,post-vaccine,0,0,0,1,0,0,0,0,0,0,1,0,0,0,0,0.0
2021-10-14,3,0.0,0.0,0,6335.14,8019.86,11044.29,350.57,461.14,598.29,during,post-vaccine,0,0,0,1,0,0,0,0,0,0,1,0,0,0,0,0.0
2021-10-15,4,1.0,1.0,0,6189.29,7781.57,10011.86,345.57,449.0,545.14,during,post-vaccine,0,0,0,1,0,0,0,0,0,0,1,0,0,0,0,1.0
2021-10-16,5,1.0,1.0,0,5948.43,7588.43,10084.0,345.57,449.0,545.14,during,post-vaccine,0,0,0,1,0,0,1,0,0,0,1,0,0,0,0,1.0
2021-10-17,6,0.0,0.0,0,5927.43,7571.0,9392.0,345.57,449.0,545.14,during,post-vaccine,0,0,0,1,0,0,1,0,0,0,1,0,0,0,0,0.0
2021-10-18,0,0.0,0.0,0,5861.57,7232.43,9015.43,353.86,377.71,506.86,during,post-vaccine,0,0,0,1,0,0,0,0,0,0,1,0,0,0,0,0.0
2021-10-19,1,1.0,1.0,0,5362.71,7104.71,8507.43,329.57,384.38,506.86,during,post-vaccine,0,0,0,1,0,0,0,0,0,0,1,0,0,0,0,1.0
2021-10-20,2,1.0,1.0,0,4813.14,6672.29,8288.43,335.0,371.57,464.14,during,post-vaccine,0,0,0,1,0,0,0,0,0,0,1,0,0,0,0,1.0
2021-10-21,3,1.0,1.0,0,4827.57,6335.14,8019.86,330.0,350.57,461.14,during,post-vaccine,0,0,0,1,0,0,0,0,0,0,1,0,0,0,0,1.0
2021-10-22,4,1.0,1.0,0,4461.29,6189.29,7781.57,323.29,345.57,449.0,during,post-vaccine,0,0,0,1,0,0,0,0,0,0,1,0,0,0,0,1.0
2021-10-23,5,1.0,1.0,0,4403.43,5948.43,7588.43,323.29,345.57,449.0,during,post-vaccine,0,0,0,1,0,0,1,0,0,0,1,0,0,0,0,1.0
2021-10-24,6,0.0,0.0,0,4451.86,5927.43,7571.0,323.29,345.57,449.0,during,post-vaccine,0,0,0,1,0,0,1,0,0,0,1,0,0,0,0,0.0
2021-10-25,0,0.0,0.0,0,4366.71,5861.57,7232.43,333.29,353.86,377.71,during,post-vaccine,0,0,0,1,0,0,0,0,0,0,1,0,0,0,0,0.0
2021-10-26,1,1.0,1.0,0,4261.43,5362.71,7104.71,333.29,329.57,384.38,during,post-vaccine,0,0,0,1,0,0,0,0,0,0,1,0,0,0,0,1.0
2021-10-27,2,1.0,1.0,0,4028.14,4813.14,6672.29,268.43,335.0,371.57,during,post-vaccine,0,0,0,1,0,0,0,0,0,0,1,0,0,0,0,1.0
2021-10-28,3,1.0,1.0,0,4086.14,4827.57,6335.14,294.86,330.0,350.57,during,post-vaccine,0,0,0,1,0,0,0,0,0,0,1,0,0,0,0,1.0
2021-10-29,4,1.0,1.0,0,4078.29,4461.29,6189.29,289.71,323.29,345.57,during,post-vaccine,0,0,0,1,0,0,0,0,0,0,1,0,0,0,0,1.0
2021-10-30,5,1.0,1.0,0,4087.29,4403.43,5948.43,289.71,323.29,345.57,during,post-vaccine,0,0,0,1,0,0,1,0,0,0,1,0,0,0,0,1.0
2021-10-31,6,0.0,0.0,0,3972.57,4451.86,5927.43,289.71,323.29,345.57,during,post-vaccine,0,0,0,1,0,0,1,0,0,0,1,0,0,0,0,0.0
2021-11-01,0,1.0,1.0,0,3822.0,4366.71,5861.57,201.86,333.29,353.86,during,post-vaccine,0,0,0,1,0,0,0,0,0,0,1,0,0,0,0,1.0
2021-11-02,1,1.0,1.0,0,3772.43,4261.43,5362.71,201.86,333.29,329.57,during,post-vaccine,0,0,0,1,0,0,0,0,0,0,1,0,0,0,0,1.0
2021-11-03,2,1.0,1.0,0,3779.43,4028.14,4813.14,218.71,268.43,335.0,during,post-vaccine,0,0,0,1,0,0,0,0,0,0,1,0,0,0,0,1.0
2021-11-04,3,1.0,1.0,0,3424.0,4086.14,4827.57,186.0,294.86,330.0,during,post-vaccine,0,0,0,1,0,0,0,0,0,0,1,0,0,0,0,1.0
2021-11-05,4,1.0,1.0,0,3263.71,4078.29,4461.29,181.14,289.71,323.29,during,post-vaccine,0,0,0,1,0,0,0,0,0,0,1,0,0,0,0,1.0
2021-11-06,5,1.0,1.0,0,3156.43,4087.29,4403.43,181.14,289.71,323.29,during,post-vaccine,0,0,0,1,0,0,1,0,0,0,1,0,0,0,0,1.0
2021-11-07,6,0.0,0.0,0,3212.29,3972.57,4451.86,181.14,289.71,323.29,during,post-vaccine,0,0,0,1,0,0,1,0,0,0,1,0,0,0,0,0.0
2021-11-08,0,0.0,0.0,0,3079.14,3822.0,4366.71,181.14,201.86,333.29,during,post-vaccine,0,0,0,1,0,0,0,0,0,0,1,0,0,0,0,0.0
2021-11-09,1,1.0,1.0,0,3155.86,3772.43,4261.43,193.75,201.86,333.29,during,post-vaccine,0,0,0,1,0,0,0,0,0,0,1,0,0,0,0,1.0
2021-11-10,2,1.0,1.0,0,2884.14,3779.43,4028.14,213.14,218.71,268.43,during,post-vaccine,0,0,0,1,0,0,0,0,0,0,1,0,0,0,0,1.0
2021-11-11,3,1.0,1.0,0,3208.29,3424.0,4086.14,213.14,186.0,294.86,during,post-vaccine,0,0,0,1,0,0,0,0,1,1,1,0,0,0,0,1.0
2021-11-12,4,1.0,1.0,0,3233.29,3263.71,4078.29,222.29,181.14,289.71,during,post-vaccine,0,0,0,1,0,0,0,0,0,1,1,0,0,0,0,1.0
2021-11-13,5,1.0,1.0,0,3317.43,3156.43,4087.29,222.29,181.14,289.71,during,post-vaccine,0,0,0,1,0,0,1,0,0,0,1,0,0,0,0,1.0
2021-11-14,6,0.0,0.0,0,3274.14,3212.29,3972.57,222.29,181.14,289.71,during,post-vaccine,0,0,0,1,0,0,1,0,0,0,1,0,0,0,0,0.0
2021-11-15,0,0.0,0.0,0,3416.71,3079.14,3822.0,237.2,181.14,201.86,during,post-vaccine,0,0,0,1,0,0,0,0,0,0,1,0,0,0,0,0.0
2021-11-16,1,1.0,1.0,0,3327.14,3155.86,3772.43,238.86,193.75,201.86,during,post-vaccine,0,0,0,1,0,0,0,0,0,0,1,0,0,0,0,1.0
2021-11-17,2,1.0,1.0,0,3573.43,2884.14,3779.43,240.43,213.14,218.71,during,post-vaccine,0,0,0,1,0,0,0,0,0,0,1,0,0,0,0,1.0
2021-11-18,3,1.0,1.0,0,3345.0,3208.29,3424.0,230.0,213.14,186.0,during,post-vaccine,0,0,0,1,0,0,0,0,0,0,1,0,0,0,0,1.0
2021-11-19,4,1.0,1.0,0,3445.86,3233.29,3263.71,211.43,222.29,181.14,during,post-vaccine,0,0,0,1,0,0,0,0,0,0,1,0,0,0,0,1.0
2021-11-20,5,0.0,0.0,0,3254.0,3317.43,3156.43,211.43,222.29,181.14,during,post-vaccine,0,0,0,1,0,0,1,0,0,0,1,0,0,0,0,0.0
2021-11-21,6,0.0,0.0,0,3296.29,3274.14,3212.29,211.43,222.29,181.14,during,post-vaccine,0,0,0,1,0,0,1,0,0,0,1,0,0,0,0,0.0
2021-11-22,0,0.0,0.0,0,3397.0,3416.71,3079.14,187.0,237.2,181.14,during,post-vaccine,0,0,0,1,0,0,0,0,0,0,1,0,0,0,0,0.0
2021-11-23,1,1.0,1.0,0,3236.43,3327.14,3155.86,189.86,238.86,193.75,during,post-vaccine,0,0,0,1,0,0,0,0,0,0,1,0,0,0,0,1.0
2021-11-24,2,1.0,1.0,0,3467.0,3573.43,2884.14,176.86,240.43,213.14,during,post-vaccine,0,0,0,1,0,0,0,0,0,0,1,0,0,0,0,1.0
2021-11-25,3,0.0,0.0,0,2902.14,3345.0,3208.29,176.86,230.0,213.14,during,post-vaccine,0,0,0,1,0,0,0,0,1,1,1,0,0,0,0,0.0
2021-11-26,4,1.0,1.0,0,2340.71,3445.86,3233.29,176.86,211.43,222.29,during,post-vaccine,0,0,0,1,0,0,0,0,0,1,1,0,0,0,0,1.0
2021-11-27,5,1.0,1.0,0,2136.57,3254.0,3317.43,176.86,211.43,222.29,during,post-vaccine,0,0,0,1,0,0,1,0,0,0,1,0,0,0,0,1.0
2021-11-28,6,0.0,0.0,0,2136.57,3296.29,3274.14,176.86,211.43,222.29,during,post-vaccine,0,0,0,1,0,0,1,0,0,0,1,0,0,0,0,0.0
2021-11-29,0,0.0,0.0,0,3232.71,3397.0,3416.71,179.86,187.0,237.2,during,post-vaccine,0,0,0,1,0,0,0,0,0,0,1,0,0,0,0,0.0
2021-11-30,1,1.0,1.0,0,3518.29,3236.43,3327.14,167.0,189.86,238.86,during,post-vaccine,0,0,0,1,0,0,0,0,0,0,1,0,0,0,0,1.0
2021-12-01,2,1.0,1.0,0,3579.29,3467.0,3573.43,174.86,176.86,240.43,during,post-vaccine,0,0,0,1,0,0,0,0,0,0,1,0,0,0,0,1.0
2021-12-02,3,1.0,1.0,0,3381.29,2902.14,3345.0,184.25,176.86,230.0,during,post-vaccine,0,0,0,1,0,0,0,0,0,0,1,0,0,0,0,1.0
2021-12-03,4,1.0,1.0,0,3931.14,2340.71,3445.86,190.67,176.86,211.43,during,post-vaccine,0,0,0,1,0,0,0,0,0,0,1,0,0,0,0,1.0
2021-12-04,5,1.0,1.0,0,4199.71,2136.57,3254.0,190.67,176.86,211.43,during,post-vaccine,0,0,0,1,0,0,1,0,0,0,1,0,0,0,0,1.0
2021-12-05,6,0.0,0.0,0,4332.14,2136.57,3296.29,190.67,176.86,211.43,during,post-vaccine,0,0,0,1,0,0,1,0,0,0,1,0,0,0,0,0.0
2021-12-06,0,0.0,0.0,0,3693.57,3232.71,3397.0,247.14,179.86,187.0,during,post-vaccine,0,0,0,1,0,0,0,0,0,0,1,0,0,0,0,0.0
2021-12-07,1,1.0,1.0,0,3532.43,3518.29,3236.43,269.43,167.0,189.86,during,post-vaccine,0,0,0,1,0,0,0,0,0,0,1,0,0,0,0,1.0
2021-12-08,2,1.0,1.0,0,3506.29,3579.29,3467.0,275.57,174.86,176.86,during,post-vaccine,0,0,0,1,0,0,0,0,0,0,1,0,0,0,0,1.0
2021-12-09,3,1.0,1.0,0,3402.71,3381.29,2902.14,278.0,184.25,176.86,during,post-vaccine,0,0,0,1,0,0,0,0,0,0,1,0,0,0,0,1.0
2021-12-10,4,1.0,1.0,0,3402.71,3931.14,2340.71,278.0,190.67,176.86,during,post-vaccine,0,0,0,1,0,0,0,0,0,0,1,0,0,0,0,1.0
2021-12-11,5,1.0,1.0,0,3346.29,4199.71,2136.57,290.71,190.67,176.86,during,post-vaccine,0,0,0,1,0,0,1,0,0,0,1,0,0,0,0,1.0
2021-12-12,6,0.0,0.0,0,3332.29,4332.14,2136.57,274.5,190.67,176.86,during,post-vaccine,0,0,0,1,0,0,1,0,0,0,1,0,0,0,0,0.0
2021-12-13,0,0.0,0.0,0,3861.43,3693.57,3232.71,275.11,247.14,179.86,during,post-vaccine,0,0,0,1,0,0,0,0,0,0,1,0,0,0,0,0.0
2021-12-14,1,1.0,1.0,0,4081.57,3532.43,3518.29,268.14,269.43,167.0,during,post-vaccine,0,0,0,1,0,0,0,0,0,0,1,0,0,0,0,1.0
2021-12-15,2,1.0,1.0,0,4162.14,3506.29,3579.29,252.29,275.57,174.86,during,post-vaccine,0,0,0,1,0,0,0,0,0,0,1,0,0,0,0,1.0
2021-12-16,3,1.0,1.0,0,4398.86,3402.71,3381.29,259.14,278.0,184.25,during,post-vaccine,0,0,0,1,0,0,0,0,0,0,1,0,0,0,0,1.0
2021-12-17,4,1.0,1.0,0,4784.29,3402.71,3931.14,261.57,278.0,190.67,during,post-vaccine,0,0,0,1,0,0,0,0,0,0,1,0,0,0,0,1.0
2021-12-18,5,1.0,1.0,0,5211.71,3346.29,4199.71,259.29,290.71,190.67,during,post-vaccine,0,0,0,1,0,0,1,0,0,0,1,0,0,0,0,1.0
2021-12-19,6,0.0,0.0,0,5885.14,3332.29,4332.14,288.57,274.5,190.67,during,post-vaccine,0,0,0,1,0,0,1,0,0,0,1,0,0,0,0,0.0
2021-12-20,0,0.0,0.0,0,6728.14,3861.43,3693.57,312.71,275.11,247.14,during,post-vaccine,0,0,0,1,0,0,0,0,0,0,1,0,0,0,0,0.0
2021-12-21,1,1.0,1.0,0,7539.14,4081.57,3532.43,355.0,268.14,269.43,during,post-vaccine,0,0,0,1,0,0,0,0,0,0,1,0,0,0,0,1.0
2021-12-22,2,1.0,1.0,0,8346.71,4162.14,3506.29,378.71,252.29,275.57,during,post-vaccine,0,0,0,1,0,0,0,0,0,0,1,0,0,0,0,1.0
2021-12-23,3,1.0,1.0,0,9259.43,4398.86,3402.71,398.29,259.14,278.0,during,post-vaccine,0,0,0,1,0,0,0,0,0,0,1,0,0,0,0,1.0
2021-12-24,4,1.0,1.0,0,8366.57,4784.29,3402.71,398.29,261.57,278.0,during,post-vaccine,0,0,0,1,0,0,0,0,1,1,1,0,0,0,0,1.0
2021-12-25,5,0.0,0.0,0,8366.57,5211.71,3346.29,398.29,259.29,290.71,during,post-vaccine,0,0,0,1,0,0,1,0,0,0,1,0,0,0,0,0.0
2021-12-26,6,0.0,0.0,0,8366.57,5885.14,3332.29,398.29,288.57,274.5,during,post-vaccine,0,0,0,1,0,0,1,0,0,0,1,0,0,0,0,0.0
2021-12-27,0,0.0,0.0,0,12604.71,6728.14,3861.43,628.14,312.71,275.11,during,post-vaccine,0,0,0,1,0,0,0,0,1,1,1,0,0,0,0,0.0
2021-12-28,1,1.0,1.0,0,13205.86,7539.14,4081.57,695.86,355.0,268.14,during,post-vaccine,0,0,0,1,0,0,0,0,1,1,1,0,0,0,0,1.0
2021-12-29,2,1.0,1.0,0,13825.86,8346.71,4162.14,705.57,378.71,252.29,during,post-vaccine,0,0,0,1,0,0,0,0,1,1,1,0,0,0,0,1.0
2021-12-30,3,1.0,1.0,0,14943.14,9259.43,4398.86,752.14,398.29,259.14,during,post-vaccine,0,0,0,1,0,0,0,0,1,1,1,0,0,0,0,1.0
2021-12-31,4,1.0,1.0,0,15009.71,8366.57,4784.29,752.14,398.29,261.57,during,omicron,0,0,1,0,0,0,0,0,1,1,1,0,0,0,0,1.0
2022-01-01,5,0.0,0.0,0,13618.75,8366.57,5211.71,752.14,398.29,259.29,during,omicron,0,0,1,0,0,0,1,0,0,0,1,0,0,0,0,0.0
2022-01-02,6,0.0,0.0,0,12421.44,8366.57,5885.14,752.14,398.29,288.57,during,omicron,0,0,1,0,0,0,1,0,0,0,1,0,0,0,0,0.0
2022-01-03,0,0.0,0.0,0,31878.29,12604.71,6728.14,2241.14,628.14,312.71,during,omicron,0,0,1,0,0,0,0,0,0,0,1,0,0,0,0,0.0
2022-01-04,1,0.0,0.0,0,37389.57,13205.86,7539.14,2793.0,695.86,355.0,during,omicron,0,0,1,0,0,0,0,0,0,0,1,0,0,0,0,0.0
2022-01-05,2,1.0,1.0,0,41998.14,13825.86,8346.71,3183.29,705.57,378.71,during,omicron,0,0,1,0,0,0,0,0,0,0,1,0,0,0,0,1.0
2022-01-06,3,1.0,1.0,0,45656.29,14943.14,9259.43,3450.43,752.14,398.29,during,omicron,0,0,1,0,0,0,0,0,0,0,1,0,0,0,0,1.0
2022-01-07,4,1.0,1.0,0,53265.86,15009.71,8366.57,3624.75,752.14,398.29,during,omicron,0,0,1,0,0,0,0,0,0,0,1,0,0,0,0,1.0
2022-01-08,5,1.0,1.0,0,59735.86,13618.75,8366.57,3766.0,752.14,398.29,during,omicron,0,0,1,0,0,0,1,0,0,0,1,0,0,0,0,1.0
2022-01-09,6,0.0,0.0,0,65087.43,12421.44,8366.57,3775.7,752.14,398.29,post-vax,omicron,0,0,1,0,0,0,1,0,0,0,0,1,0,0,0,0.0
2022-01-10,0,0.0,0.0,0,48366.57,31878.29,12604.71,4105.43,2241.14,628.14,post-vax,omicron,0,0,1,0,0,0,0,0,0,0,0,1,0,0,0,0.0
2022-01-11,1,1.0,1.0,0,48737.71,37389.57,13205.86,4118.71,2793.0,695.86,post-vax,omicron,0,0,1,0,0,0,0,0,0,0,0,1,0,0,0,1.0
2022-01-12,2,1.0,1.0,0,52466.14,41998.14,13825.86,4922.14,3183.29,705.57,post-vax,omicron,0,0,1,0,0,0,0,0,0,0,0,1,0,0,0,1.0
2022-01-13,3,1.0,1.0,0,56255.86,45656.29,14943.14,5471.57,3450.43,752.14,post-vax,omicron,0,0,1,0,0,0,0,0,0,0,0,1,0,0,0,1.0
2022-01-14,4,1.0,1.0,0,62114.71,53265.86,15009.71,5471.57,3624.75,752.14,post-vax,omicron,0,0,1,0,0,0,0,0,0,0,0,1,0,0,0,1.0
2022-01-15,5,1.0,1.0,0,64125.0,59735.86,13618.75,5950.86,3766.0,752.14,post-vax,omicron,0,0,1,0,0,0,1,0,0,0,0,1,0,0,0,1.0
2022-01-16,6,0.0,0.0,0,65531.71,65087.43,12421.44,5888.57,3775.7,752.14,post-vax,omicron,0,0,1,0,0,0,1,0,0,0,0,1,0,0,0,0.0
2022-01-17,0,0.0,0.0,0,68447.71,48366.57,31878.29,6687.0,4105.43,2241.14,post-vax,omicron,0,0,1,0,0,0,0,0,1,1,0,1,0,0,0,0.0
2022-01-18,1,1.0,1.0,0,68071.29,48737.71,37389.57,6906.43,4118.71,2793.0,post-vax,omicron,0,0,1,0,0,0,0,0,0,0,0,1,0,0,0,1.0
2022-01-19,2,1.0,1.0,0,65521.57,52466.14,41998.14,7240.0,4922.14,3183.29,post-vax,omicron,0,0,1,0,0,0,0,0,0,0,0,1,0,0,0,1.0
2022-01-20,3,1.0,1.0,0,61837.43,56255.86,45656.29,6881.14,5471.57,3450.43,post-vax,omicron,0,0,1,0,0,0,0,0,0,0,0,1,0,0,0,1.0
2022-01-21,4,1.0,1.0,0,57760.57,62114.71,53265.86,6837.71,5471.57,3624.75,post-vax,omicron,0,0,1,0,0,0,0,0,0,0,0,1,0,0,0,1.0
2022-01-22,5,1.0,1.0,0,57728.14,64125.0,59735.86,6459.86,5950.86,3766.0,post-vax,omicron,0,0,1,0,0,0,1,0,0,0,0,1,0,0,0,1.0
2022-01-23,6,0.0,0.0,0,58866.29,65531.71,65087.43,6421.43,5888.57,3775.7,post-vax,omicron,0,0,1,0,0,0,1,0,0,0,0,1,0,0,0,0.0
2022-01-24,0,0.0,0.0,0,54674.29,68447.71,48366.57,6077.57,6687.0,4105.43,post-vax,omicron,0,0,1,0,0,0,0,0,0,0,0,1,0,0,0,0.0
2022-01-25,1,1.0,1.0,0,53403.29,68071.29,48737.71,6061.0,6906.43,4118.71,post-vax,omicron,0,0,1,0,0,0,0,0,0,0,0,1,0,0,0,1.0
2022-01-26,2,1.0,1.0,0,49787.14,65521.57,52466.14,5719.57,7240.0,4922.14,post-vax,omicron,0,0,1,0,0,0,0,0,0,0,0,1,0,0,0,1.0
2022-01-27,3,1.0,1.0,0,48127.29,61837.43,56255.86,5468.14,6881.14,5471.57,post-vax,omicron,0,0,1,0,0,0,0,0,0,0,0,1,0,0,0,1.0
2022-01-28,4,1.0,1.0,0,44189.57,57760.57,62114.71,5375.71,6837.71,5471.57,post-vax,omicron,0,0,1,0,0,0,0,0,0,0,0,1,0,0,0,1.0
2022-01-29,5,1.0,1.0,0,41494.29,57728.14,64125.0,5355.0,6459.86,5950.86,post-vax,omicron,0,0,1,0,0,0,1,0,0,0,0,1,0,0,0,1.0
2022-01-30,6,0.0,0.0,0,36939.57,58866.29,65531.71,5140.57,6421.43,5888.57,post-vax,omicron,0,0,1,0,0,0,1,0,0,0,0,1,0,0,0,0.0
2022-01-31,0,0.0,0.0,0,35168.86,54674.29,68447.71,4564.0,6077.57,6687.0,post-vax,omicron,0,0,1,0,0,0,0,0,0,0,0,1,0,0,0,0.0
2022-02-01,1,1.0,1.0,0,33806.71,53403.29,68071.29,4572.14,6061.0,6906.43,post-vax,omicron,0,0,1,0,0,0,0,0,0,0,0,1,0,0,0,1.0
2022-02-02,2,1.0,1.0,0,33137.71,49787.14,65521.57,4302.57,5719.57,7240.0,post-vax,omicron,0,0,1,0,0,0,0,0,0,0,0,1,0,0,0,1.0
2022-02-03,3,1.0,1.0,0,32159.0,48127.29,61837.43,4002.71,5468.14,6881.14,post-vax,omicron,0,0,1,0,0,0,0,0,0,0,0,1,0,0,0,1.0
2022-02-04,4,1.0,1.0,0,29800.71,44189.57,57760.57,3527.14,5375.71,6837.71,post-vax,omicron,0,0,1,0,0,0,0,0,0,0,0,1,0,0,0,1.0
2022-02-05,5,1.0,1.0,0,26378.0,41494.29,57728.14,3041.86,5355.0,6459.86,post-vax,omicron,0,0,1,0,0,0,1,0,0,0,0,1,0,0,0,1.0
2022-02-06,6,0.0,0.0,0,25209.86,36939.57,58866.29,3001.71,5140.57,6421.43,post-vax,omicron,0,0,1,0,0,0,1,0,0,0,0,1,0,0,0,0.0
2022-02-07,0,0.0,0.0,0,23723.86,35168.86,54674.29,2822.14,4564.0,6077.57,post-vax,omicron,0,0,1,0,0,0,0,0,0,0,0,1,0,0,0,0.0
2022-02-08,1,1.0,1.0,0,20808.86,33806.71,53403.29,2187.43,4572.14,6061.0,post-vax,omicron,0,0,1,0,0,0,0,0,0,0,0,1,0,0,0,1.0
2022-02-09,2,1.0,1.0,0,19266.14,33137.71,49787.14,1902.86,4302.57,5719.57,post-vax,omicron,0,0,1,0,0,0,0,0,0,0,0,1,0,0,0,1.0
2022-02-10,3,1.0,1.0,0,17686.57,32159.0,48127.29,1811.43,4002.71,5468.14,post-vax,omicron,0,0,1,0,0,0,0,0,0,0,0,1,0,0,0,1.0
2022-02-11,4,1.0,1.0,0,16600.14,29800.71,44189.57,1695.86,3527.14,5375.71,post-vax,omicron,0,0,1,0,0,0,0,0,0,0,0,1,0,0,0,1.0
2022-02-12,5,1.0,1.0,0,15273.86,26378.0,41494.29,1556.57,3041.86,5355.0,post-vax,omicron,0,0,1,0,0,0,1,0,0,0,0,1,0,0,0,1.0
2022-02-13,6,0.0,0.0,0,13785.0,25209.86,36939.57,1344.14,3001.71,5140.57,post-vax,omicron,0,0,1,0,0,0,1,0,0,0,0,1,0,0,0,0.0
2022-02-14,0,0.0,0.0,0,12635.0,23723.86,35168.86,1159.43,2822.14,4564.0,post-vax,omicron,0,0,1,0,0,0,0,0,0,0,0,1,0,0,0,0.0
2022-02-15,1,1.0,1.0,0,12132.14,20808.86,33806.71,1144.71,2187.43,4572.14,post-vax,omicron,0,0,1,0,0,0,0,0,0,0,0,1,0,0,0,1.0
2022-02-16,2,1.0,1.0,0,11111.57,19266.14,33137.71,1086.0,1902.86,4302.57,post-vax,omicron,0,0,1,0,0,0,0,0,0,0,0,1,0,0,0,1.0
2022-02-17,3,1.0,1.0,0,10041.29,17686.57,32159.0,949.57,1811.43,4002.71,post-vax,omicron,0,0,1,0,0,0,0,0,0,0,0,1,0,0,0,1.0
2022-02-18,4,1.0,1.0,0,9612.71,16600.14,29800.71,828.57,1695.86,3527.14,post-vax,omicron,0,0,1,0,0,0,0,0,0,0,0,1,0,0,0,1.0
2022-02-19,5,1.0,1.0,0,9179.43,15273.86,26378.0,843.29,1556.57,3041.86,post-vax,omicron,0,0,1,0,0,0,1,0,0,0,0,1,0,0,0,1.0
2022-02-20,6,0.0,0.0,0,8313.86,13785.0,25209.86,736.43,1344.14,3001.71,post-vax,omicron,0,0,1,0,0,0,1,0,0,0,0,1,0,0,0,0.0
2022-02-21,0,0.0,0.0,0,7842.0,12635.0,23723.86,723.86,1159.43,2822.14,post-vax,omicron,0,0,1,0,0,0,0,0,1,1,0,1,0,0,0,0.0
2022-02-22,1,1.0,1.0,0,7130.29,12132.14,20808.86,633.14,1144.71,2187.43,post-vax,omicron,0,0,1,0,0,0,0,0,0,0,0,1,0,0,0,1.0
2022-02-23,2,1.0,1.0,0,6744.86,11111.57,19266.14,597.14,1086.0,1902.86,post-vax,omicron,0,0,1,0,0,0,0,0,0,0,0,1,0,0,0,1.0
2022-02-24,3,1.0,1.0,0,6301.43,10041.29,17686.57,546.29,949.57,1811.43,post-vax,omicron,0,0,1,0,0,0,0,0,0,0,0,1,0,0,0,1.0
2022-02-25,4,1.0,1.0,0,5799.29,9612.71,16600.14,536.86,828.57,1695.86,post-vax,omicron,0,0,1,0,0,0,0,0,0,0,0,1,0,0,0,1.0
2022-02-26,5,1.0,1.0,0,5308.86,9179.43,15273.86,433.86,843.29,1556.57,post-vax,omicron,0,0,1,0,0,0,1,0,0,0,0,1,0,0,0,1.0
2022-02-27,6,0.0,0.0,0,5212.86,8313.86,13785.0,423.29,736.43,1344.14,post-vax,omicron,0,0,1,0,0,0,1,0,0,0,0,1,0,0,0,0.0
